sample_id,url,transcript,qc_status,qc_score,qc_comment,MLA_Satisfaction,Desires_Change,Next_CM,Vote_2026,Caste,Age_Group,Gender,Occupation
SYN-0001,https://example.com/synthetic-audio/SYN-0001.mp3,"வணக்கம் அம்மா, இரண்டு நிமிஷம் பேசலாமா? இது ஒரு சர்வே. MLA work okay, he came during the rain time. குடிநீர் வாரத்துக்கு இரண்டு நாள் தான் வருது, அது பெரிய பிரச்சனை. இப்போ இருக்குற ஆட்சியே போதும், மாற்றம் தேவையில்லை. சீமான் பேசுறது சரியா இருக்கு, தமிழ் உணர்வு முக்கியம். Thank you sir.",Done,95.0,Correctly Done,திருப்தி/ Satisfied,"இல்லை, மாற்றம் தேவையில்லை/ No, don’t need a change",சீமான் (நாம் தமிழர் கட்சி)/ Seeman (NTK),நாம் தமிழர் கட்சி/ Naam Tamilar Katch(NTK),Nadars,41-60,பெண்/Female,பணியாளர்/ Employee
SYN-0002,https://example.com/synthetic-audio/SYN-0002.mp3,"வணக்கம், நாங்க ஒரு கருத்துக்கணிப்பு செய்கிறோம், சில கேள்விகள் கேட்கலாமா? எம்.எல்.ஏ வேலை பரவாயில்லை, அடிக்கடி ஏரியாவுக்கு வருவார். Fishermen need better harbour facilities and relief during ban period. No change needed, current government is okay. ஸ்டாலின் தான் தொடரணும், திட்டங்கள் நல்லா இருக்கு. Thank you sir.",Done,90.0,Correctly Done,திருப்தி/ Satisfied,"இல்லை, மாற்றம் தேவையில்லை/ No, don’t need a change",மு.க. ஸ்டாலின் (திமுக)/ M.K. Stalin (DMK),திமுக கூட்டணி/ DMK Alliance,Nadars,41-60,பெண்/Female,மாணவர்/ Student
SYN-0003,https://example.com/synthetic-audio/SYN-0003.mp3,"வணக்கம், நாங்க ஒரு கருத்துக்கணிப்பு செய்கிறோம், சில கேள்விகள் கேட்கலாமா? MLA work okay, he came during the rain time. இலவச பஸ் பயணம் பெண்களுக்கு நல்ல திட்டம். விலைவாசி ரொம்ப ஏறிப்போச்சு, காய்கறி வாங்கவே கஷ்டம். Yes, change venum this time. அடுத்த முதல்வரா விஜய் வரணும்னு நினைக்கிறேன், புதுசா ஒருத்தர் வேணும். Thank you sir.",Done,100.0,Correctly Done,திருப்தி/ Satisfied,"ஆம், மாற்றம் தேவை/ Yes, need a change",விஜய் (தமிழகம் வெற்றி கழகம்)/ Vijay (TVK),தமிழகம் வெற்றி கழகம்/ Tamilaga Vettri Kazhagam(TVK),SC,41-60,ஆண்/Male,இல்லத்தரசி/ Housewife
SYN-0004,https://example.com/synthetic-audio/SYN-0004.mp3,"வணக்கம், நாங்க ஒரு கருத்துக்கணிப்பு செய்கிறோம், சில கேள்விகள் கேட்கலாமா? எம்.எல்.ஏ வேலை பரவாயில்லை, அடிக்கடி ஏரியாவுக்கு வருவார். விலைவாசி ரொம்ப ஏறிப்போச்சு, காய்கறி வாங்கவே கஷ்டம். Youth need jobs, factories should come to this area. மீன்பிடி துறைமுகம் சரியா பராமரிக்கப்படல, படகு நிறுத்த இடம் இல்லை. Yes, change venum this time. யாரு வந்தாலும் ஒண்ணுதான், வேலை செய்யணும் அவ்வளவுதான். நன்றி.",Pending,,No comment,திருப்தி/ Satisfied,"ஆம், மாற்றம் தேவை/ Yes, need a change",மற்றவர்கள்/ Others,மற்றவர்கள்/ Others,Mudaliyar,31-40,பெண்/Female,சொந்த தொழில் / சுயதொழில் செய்பவர்/ Self Employed/Business
SYN-0005,https://example.com/synthetic-audio/SYN-0005.mp3,(background noise),Done,10.0,Fake Audio/Empty Audio,திருப்தியில்லை/ Not Satisfied,"இல்லை, மாற்றம் தேவையில்லை/ No, don’t need a change",விஜய் (தமிழகம் வெற்றி கழகம்)/ Vijay (TVK),தமிழகம் வெற்றி கழகம்/ Tamilaga Vettri Kazhagam(TVK),Fisherman,60+,ஆண்/Male,சொந்த தொழில் / சுயதொழில் செய்பவர்/ Self Employed/Business
SYN-0006,https://example.com/synthetic-audio/SYN-0006.mp3,"வணக்கம், நாங்க ஒரு கருத்துக்கணிப்பு செய்கிறோம், சில கேள்விகள் கேட்கலாமா? MLA work okay, he came during the rain time. Ration shop is fine but queue is very long. விலைவாசி ரொம்ப ஏறிப்போச்சு, காய்கறி வாங்கவே கஷ்டம். Fishermen need better harbour facilities and relief during ban period. Yes, change venum this time. AIADMK time was better for our area. Thank you sir.",Pending,,No comment,திருப்தி/ Satisfied,"ஆம், மாற்றம் தேவை/ Yes, need a change",எடப்பாடி கே. பழனிசாமி (அதிமுக)/ Edappadi K. Palaniswami (AIADMK),அதிமுக கூட்டணி/ AIADMK Alliance,Fisherman,41-60,ஆண்/Male,இல்லத்தரசி/ Housewife
SYN-0007,https://example.com/synthetic-audio/SYN-0007.mp3,"வணக்கம் அம்மா, இரண்டு நிமிஷம் பேசலாமா? இது ஒரு சர்வே. Some work done, but still lot of improvement needed. Ration shop is fine but queue is very long. Yes, change venum this time. Seeman speaks for Tamil people, I support NTK. நன்றி, வணக்கம்.",Pending,,No comment,மேம்பாடு தேவை/ Needs improvement,"ஆம், மாற்றம் தேவை/ Yes, need a change",சீமான் (நாம் தமிழர் கட்சி)/ Seeman (NTK),நாம் தமிழர் கட்சி/ Naam Tamilar Katch(NTK),Fisherman,18-30,பெண்/Female,சொந்த தொழில் / சுயதொழில் செய்பவர்/ Self Employed/Business
SYN-0008,https://example.com/synthetic-audio/SYN-0008.mp3,"Hello sir, oru small survey, few questions mattum. MLA work okay, he came during the rain time. Water supply is irregular, we buy cans every day. இப்போ இருக்குற ஆட்சியே போதும், மாற்றம் தேவையில்லை. எடப்பாடி ஆட்சி காலத்துல நல்லா இருந்துச்சு. சரி, நன்றி அம்மா.",Pending,,No comment,திருப்தி/ Satisfied,"இல்லை, மாற்றம் தேவையில்லை/ No, don’t need a change",எடப்பாடி கே. பழனிசாமி (அதிமுக)/ Edappadi K. Palaniswami (AIADMK),அதிமுக கூட்டணி/ AIADMK Alliance,Nadars,18-30,ஆண்/Male,இல்லத்தரசி/ Housewife
SYN-0009,https://example.com/synthetic-audio/SYN-0009.mp3,"வணக்கம், நாங்க ஒரு கருத்துக்கணிப்பு செய்கிறோம், சில கேள்விகள் கேட்கலாமா? Some work done, but still lot of improvement needed. மீன்பிடி துறைமுகம் சரியா பராமரிக்கப்படல, படகு நிறுத்த இடம் இல்லை. இப்போ இருக்குற ஆட்சியே போதும், மாற்றம் தேவையில்லை. சீமான் பேசுறது சரியா இருக்கு, தமிழ் உணர்வு முக்கியம். நன்றி, வணக்கம்.",Pending,,No comment,மேம்பாடு தேவை/ Needs improvement,"இல்லை, மாற்றம் தேவையில்லை/ No, don’t need a change",சீமான் (நாம் தமிழர் கட்சி)/ Seeman (NTK),நாம் தமிழர் கட்சி/ Naam Tamilar Katch(NTK),Muslim,41-60,பெண்/Female,கூலி தொழில்/ Daily Wage
SYN-0010,https://example.com/synthetic-audio/SYN-0010.mp3,"Hello sir, oru small survey, few questions mattum. எம்.எல்.ஏ வேலை பரவாயில்லை, அடிக்கடி ஏரியாவுக்கு வருவார். விலைவாசி ரொம்ப ஏறிப்போச்சு, காய்கறி வாங்கவே கஷ்டம். குடிநீர் வாரத்துக்கு இரண்டு நாள் தான் வருது, அது பெரிய பிரச்சனை. இப்போ இருக்குற ஆட்சியே போதும், மாற்றம் தேவையில்லை. அடுத்த முதல்வரா விஜய் வரணும்னு நினைக்கிறேன், புதுசா ஒருத்தர் வேணும். சரி, நன்றி அம்மா.",Pending,,No comment,திருப்தி/ Satisfied,"இல்லை, மாற்றம் தேவையில்லை/ No, don’t need a change",விஜய் (தமிழகம் வெற்றி கழகம்)/ Vijay (TVK),தமிழகம் வெற்றி கழகம்/ Tamilaga Vettri Kazhagam(TVK),Linguistic Minority,18-30,பெண்/Female,இல்லத்தரசி/ Housewife
SYN-0011,https://example.com/synthetic-audio/SYN-0011.mp3,"வணக்கம் அம்மா, இரண்டு நிமிஷம் பேசலாமா? இது ஒரு சர்வே. எம்.எல்.ஏ இங்க வந்ததே இல்லை, எந்த வேலையும் நடக்கல. Primary health centre needs more staff and medicines. Drainage overflow every monsoon, health issue for kids. Youth need jobs, factories should come to this area. ஆமாம், இந்த தடவை மாற்றம் வேணும். I like Vijay, new face, youngsters support him. சரி, நன்றி அம்மா.",Done,80.0,Correctly Done,திருப்தியில்லை/ Not Satisfied,"ஆம், மாற்றம் தேவை/ Yes, need a change",விஜய் (தமிழகம் வெற்றி கழகம்)/ Vijay (TVK),தமிழகம் வெற்றி கழகம்/ Tamilaga Vettri Kazhagam(TVK),Fisherman,41-60,பெண்/Female,இல்லத்தரசி/ Housewife
SYN-0012,https://example.com/synthetic-audio/SYN-0012.mp3,"வணக்கம் அம்மா, இரண்டு நிமிஷம் பேசலாமா? இது ஒரு சர்வே. எம்.எல்.ஏ இங்க வந்ததே இல்லை, எந்த வேலையும் நடக்கல. மீன்பிடி துறைமுகம் சரியா பராமரிக்கப்படல, படகு நிறுத்த இடம் இல்லை. Youth need jobs, factories should come to this area. ஆமாம், இந்த தடவை மாற்றம் வேணும். எடப்பாடி ஆட்சி காலத்துல நல்லா இருந்துச்சு. நன்றி.",Pending,,No comment,திருப்தியில்லை/ Not Satisfied,"ஆம், மாற்றம் தேவை/ Yes, need a change",எடப்பாடி கே. பழனிசாமி (அதிமுக)/ Edappadi K. Palaniswami (AIADMK),அதிமுக கூட்டணி/ AIADMK Alliance,SC,18-30,பெண்/Female,கூலி தொழில்/ Daily Wage
SYN-0013,https://example.com/synthetic-audio/SYN-0013.mp3,"Hello sir, oru small survey, few questions mattum. எம்.எல்.ஏ வேலை பரவாயில்லை, அடிக்கடி ஏரியாவுக்கு வருவார். விலைவாசி ரொம்ப ஏறிப்போச்சு, காய்கறி வாங்கவே கஷ்டம். Fishermen need better harbour facilities and relief during ban period. No change needed, current government is okay. Seeman speaks for Tamil people, I support NTK. நன்றி, வணக்கம்.",Done,95.0,Correctly Done,திருப்தி/ Satisfied,"இல்லை, மாற்றம் தேவையில்லை/ No, don’t need a change",சீமான் (நாம் தமிழர் கட்சி)/ Seeman (NTK),நாம் தமிழர் கட்சி/ Naam Tamilar Katch(NTK),Fisherman,31-40,ஆண்/Male,சொந்த தொழில் / சுயதொழில் செய்பவர்/ Self Employed/Business
SYN-0014,https://example.com/synthetic-audio/SYN-0014.mp3,(background noise),Done,10.0,Fake Audio/Empty Audio,திருப்தியில்லை/ Not Satisfied,"இல்லை, மாற்றம் தேவையில்லை/ No, don’t need a change",எடப்பாடி கே. பழனிசாமி (அதிமுக)/ Edappadi K. Palaniswami (AIADMK),அதிமுக கூட்டணி/ AIADMK Alliance,Fisherman,18-30,ஆண்/Male,சொந்த தொழில் / சுயதொழில் செய்பவர்/ Self Employed/Business
SYN-0015,https://example.com/synthetic-audio/SYN-0015.mp3,"Hello sir, oru small survey, few questions mattum. எம்.எல்.ஏ வேலை பரவாயில்லை, அடிக்கடி ஏரியாவுக்கு வருவார். Fishermen need better harbour facilities and relief during ban period. விலைவாசி ரொம்ப ஏறிப்போச்சு, காய்கறி வாங்கவே கஷ்டம். குடிநீர் வாரத்துக்கு இரண்டு நாள் தான் வருது, அது பெரிய பிரச்சனை. Yes, change venum this time. எடப்பாடி ஆட்சி காலத்துல நல்லா இருந்துச்சு. சரி, நன்றி அம்மா.",Done,80.0,Correctly Done,திருப்தி/ Satisfied,"ஆம், மாற்றம் தேவை/ Yes, need a change",எடப்பாடி கே. பழனிசாமி (அதிமுக)/ Edappadi K. Palaniswami (AIADMK),அதிமுக கூட்டணி/ AIADMK Alliance,SC,18-30,பெண்/Female,கூலி தொழில்/ Daily Wage
SYN-0016,https://example.com/synthetic-audio/SYN-0016.mp3,"வணக்கம் அம்மா, இரண்டு நிமிஷம் பேசலாமா? இது ஒரு சர்வே. MLA work okay, he came during the rain time. Fishermen need better harbour facilities and relief during ban period. ஆமாம், இந்த தடவை மாற்றம் வேணும். ஸ்டாலின் தான் தொடரணும், திட்டங்கள் நல்லா இருக்கு. Thank you sir.",Done,95.0,Correctly Done,திருப்தி/ Satisfied,"ஆம், மாற்றம் தேவை/ Yes, need a change",மு.க. ஸ்டாலின் (திமுக)/ M.K. Stalin (DMK),திமுக கூட்டணி/ DMK Alliance,Mudaliyar,31-40,பெண்/Female,சொந்த தொழில் / சுயதொழில் செய்பவர்/ Self Employed/Business
SYN-0017,https://example.com/synthetic-audio/SYN-0017.mp3,"வணக்கம் அம்மா, இரண்டு நிமிஷம் பேசலாமா? இது ஒரு சர்வே. கொஞ்சம் வேலை நடந்திருக்கு, ஆனா இன்னும் நிறைய செய்யணும். குடிநீர் வாரத்துக்கு இரண்டு நாள் தான் வருது, அது பெரிய பிரச்சனை. இப்போ இருக்குற ஆட்சியே போதும், மாற்றம் தேவையில்லை. ஸ்டாலின் தான் தொடரணும், திட்டங்கள் நல்லா இருக்கு. Thank you sir.",Done,90.0,Correctly Done,மேம்பாடு தேவை/ Needs improvement,"இல்லை, மாற்றம் தேவையில்லை/ No, don’t need a change",மு.க. ஸ்டாலின் (திமுக)/ M.K. Stalin (DMK),திமுக கூட்டணி/ DMK Alliance,Vanniyar,60+,பெண்/Female,இல்லத்தரசி/ Housewife
SYN-0018,https://example.com/synthetic-audio/SYN-0018.mp3,"வணக்கம், நாங்க ஒரு கருத்துக்கணிப்பு செய்கிறோம், சில கேள்விகள் கேட்கலாமா? எம்.எல்.ஏ இங்க வந்ததே இல்லை, எந்த வேலையும் நடக்கல. மகளிர் உரிமைத் தொகை கிடைக்குது, அது உதவியா இருக்கு. Water supply is irregular, we buy cans every day. No change needed, current government is okay. Stalin is doing okay, schemes are useful for us. நன்றி.",Done,80.0,Correctly Done,திருப்தியில்லை/ Not Satisfied,"இல்லை, மாற்றம் தேவையில்லை/ No, don’t need a change",மு.க. ஸ்டாலின் (திமுக)/ M.K. Stalin (DMK),திமுக கூட்டணி/ DMK Alliance,Vanniyar,18-30,பெண்/Female,இல்லத்தரசி/ Housewife
SYN-0019,https://example.com/synthetic-audio/SYN-0019.mp3,"வணக்கம் அம்மா, இரண்டு நிமிஷம் பேசலாமா? இது ஒரு சர்வே. கொஞ்சம் வேலை நடந்திருக்கு, ஆனா இன்னும் நிறைய செய்யணும். Youth need jobs, factories should come to this area. கழிவுநீர் கால்வாய் அடைச்சு கிடக்கு, கொசு தொல்லை அதிகம். குடிநீர் வாரத்துக்கு இரண்டு நாள் தான் வருது, அது பெரிய பிரச்சனை. இன்னும் முடிவு பண்ணல, பார்க்கலாம். அடுத்த முதல்வரா விஜய் வரணும்னு நினைக்கிறேன், புதுசா ஒருத்தர் வேணும். சரி, நன்றி அம்மா.",Pending,,No comment,மேம்பாடு தேவை/ Needs improvement,உறுதி இல்லை/ Not sure,விஜய் (தமிழகம் வெற்றி கழகம்)/ Vijay (TVK),தமிழகம் வெற்றி கழகம்/ Tamilaga Vettri Kazhagam(TVK),Vanniyar,18-30,பெண்/Female,இல்லத்தரசி/ Housewife
SYN-0020,https://example.com/synthetic-audio/SYN-0020.mp3,"வணக்கம் அம்மா, இரண்டு நிமிஷம் பேசலாமா? இது ஒரு சர்வே. Some work done, but still lot of improvement needed. மீன்பிடி துறைமுகம் சரியா பராமரிக்கப்படல, படகு நிறுத்த இடம் இல்லை. Drainage overflow every monsoon, health issue for kids. எங்க தெரு சாலை ரொம்ப மோசம், மழை வந்தா நடக்கவே முடியாது. No change needed, current government is okay. Seeman speaks for Tamil people, I support NTK. நன்றி.",Pending,,No comment,மேம்பாடு தேவை/ Needs improvement,"இல்லை, மாற்றம் தேவையில்லை/ No, don’t need a change",சீமான் (நாம் தமிழர் கட்சி)/ Seeman (NTK),நாம் தமிழர் கட்சி/ Naam Tamilar Katch(NTK),Vanniyar,31-40,பெண்/Female,இல்லத்தரசி/ Housewife
SYN-0021,https://example.com/synthetic-audio/SYN-0021.mp3,"வணக்கம் அம்மா, இரண்டு நிமிஷம் பேசலாமா? இது ஒரு சர்வே. எம்.எல்.ஏ இங்க வந்ததே இல்லை, எந்த வேலையும் நடக்கல. விலைவாசி ரொம்ப ஏறிப்போச்சு, காய்கறி வாங்கவே கஷ்டம். மீன்பிடி துறைமுகம் சரியா பராமரிக்கப்படல, படகு நிறுத்த இடம் இல்லை. ஆமாம், இந்த தடவை மாற்றம் வேணும். I like Vijay, new face, youngsters support him. Thank you sir.",Pending,,No comment,திருப்தியில்லை/ Not Satisfied,"ஆம், மாற்றம் தேவை/ Yes, need a change",விஜய் (தமிழகம் வெற்றி கழகம்)/ Vijay (TVK),தமிழகம் வெற்றி கழகம்/ Tamilaga Vettri Kazhagam(TVK),Linguistic Minority,41-60,ஆண்/Male,மாணவர்/ Student
SYN-0022,https://example.com/synthetic-audio/SYN-0022.mp3,"வணக்கம் அம்மா, இரண்டு நிமிஷம் பேசலாமா? இது ஒரு சர்வே. MLA work okay, he came during the rain time. Fishermen need better harbour facilities and relief during ban period. இப்போ இருக்குற ஆட்சியே போதும், மாற்றம் தேவையில்லை. எடப்பாடி ஆட்சி காலத்துல நல்லா இருந்துச்சு. Thank you sir.",Pending,,No comment,திருப்தி/ Satisfied,"இல்லை, மாற்றம் தேவையில்லை/ No, don’t need a change",எடப்பாடி கே. பழனிசாமி (அதிமுக)/ Edappadi K. Palaniswami (AIADMK),அதிமுக கூட்டணி/ AIADMK Alliance,Mudaliyar,41-60,பெண்/Female,இல்லத்தரசி/ Housewife
SYN-0023,https://example.com/synthetic-audio/SYN-0023.mp3,"Hello sir, oru small survey, few questions mattum. கொஞ்சம் வேலை நடந்திருக்கு, ஆனா இன்னும் நிறைய செய்யணும். விலைவாசி ரொம்ப ஏறிப்போச்சு, காய்கறி வாங்கவே கஷ்டம். இளைஞர்களுக்கு வேலை வாய்ப்பு இல்லை, அதுதான் முக்கிய கோரிக்கை. இலவச பஸ் பயணம் பெண்களுக்கு நல்ல திட்டம். Yes, change venum this time. சீமான் பேசுறது சரியா இருக்கு, தமிழ் உணர்வு முக்கியம். நன்றி, வணக்கம்.",Done,90.0,Correctly Done,மேம்பாடு தேவை/ Needs improvement,"ஆம், மாற்றம் தேவை/ Yes, need a change",சீமான் (நாம் தமிழர் கட்சி)/ Seeman (NTK),நாம் தமிழர் கட்சி/ Naam Tamilar Katch(NTK),Nadars,41-60,பெண்/Female,கூலி தொழில்/ Daily Wage
SYN-0024,https://example.com/synthetic-audio/SYN-0024.mp3,"வணக்கம், நாங்க ஒரு கருத்துக்கணிப்பு செய்கிறோம், சில கேள்விகள் கேட்கலாமா? எம்.எல்.ஏ இங்க வந்ததே இல்லை, எந்த வேலையும் நடக்கல. Primary health centre needs more staff and medicines. Gas cylinder price is too high for daily wage families. இலவச பஸ் பயணம் பெண்களுக்கு நல்ல திட்டம். No change needed, current government is okay. Stalin is doing okay, schemes are useful for us. நன்றி, வணக்கம்.",Done,100.0,Correctly Done,திருப்தியில்லை/ Not Satisfied,"இல்லை, மாற்றம் தேவையில்லை/ No, don’t need a change",மு.க. ஸ்டாலின் (திமுக)/ M.K. Stalin (DMK),திமுக கூட்டணி/ DMK Alliance,Linguistic Minority,60+,பெண்/Female,இல்லத்தரசி/ Housewife
SYN-0025,https://example.com/synthetic-audio/SYN-0025.mp3,"வணக்கம், நாங்க ஒரு கருத்துக்கணிப்பு செய்கிறோம், சில கேள்விகள் கேட்கலாமா? எம்.எல்.ஏ வேலை பரவாயில்லை, அடிக்கடி ஏரியாவுக்கு வருவார். Gas cylinder price is too high for daily wage families. கழிவுநீர் கால்வாய் அடைச்சு கிடக்கு, கொசு தொல்லை அதிகம். No change needed, current government is okay. ஸ்டாலின் தான் தொடரணும், திட்டங்கள் நல்லா இருக்கு. Thank you sir.",Done,90.0,Correctly Done,திருப்தி/ Satisfied,"இல்லை, மாற்றம் தேவையில்லை/ No, don’t need a change",மு.க. ஸ்டாலின் (திமுக)/ M.K. Stalin (DMK),திமுக கூட்டணி/ DMK Alliance,Nadars,31-40,ஆண்/Male,இல்லத்தரசி/ Housewife
SYN-0026,https://example.com/synthetic-audio/SYN-0026.mp3,"Hello sir, oru small survey, few questions mattum. MLA-va paathathe illa, no work happened here. Youth need jobs, factories should come to this area. மீன்பிடி துறைமுகம் சரியா பராமரிக்கப்படல, படகு நிறுத்த இடம் இல்லை. இப்போ இருக்குற ஆட்சியே போதும், மாற்றம் தேவையில்லை. AIADMK time was better for our area. நன்றி, வணக்கம்.",Pending,,No comment,திருப்தியில்லை/ Not Satisfied,"இல்லை, மாற்றம் தேவையில்லை/ No, don’t need a change",எடப்பாடி கே. பழனிசாமி (அதிமுக)/ Edappadi K. Palaniswami (AIADMK),அதிமுக கூட்டணி/ AIADMK Alliance,Muslim,41-60,ஆண்/Male,கூலி தொழில்/ Daily Wage
SYN-0027,https://example.com/synthetic-audio/SYN-0027.mp3,"Hello sir, oru small survey, few questions mattum. எம்.எல்.ஏ வேலை பரவாயில்லை, அடிக்கடி ஏரியாவுக்கு வருவார். The road near the bus stop is a big problem, please fix it. ஆமாம், இந்த தடவை மாற்றம் வேணும். ஸ்டாலின் தான் தொடரணும், திட்டங்கள் நல்லா இருக்கு. நன்றி.",Done,90.0,Correctly Done,திருப்தி/ Satisfied,"ஆம், மாற்றம் தேவை/ Yes, need a change",மு.க. ஸ்டாலின் (திமுக)/ M.K. Stalin (DMK),திமுக கூட்டணி/ DMK Alliance,Fisherman,41-60,பெண்/Female,மாணவர்/ Student
SYN-0028,https://example.com/synthetic-audio/SYN-0028.mp3,"வணக்கம், நாங்க ஒரு கருத்துக்கணிப்பு செய்கிறோம், சில கேள்விகள் கேட்கலாமா? MLA work okay, he came during the rain time. Youth need jobs, factories should come to this area. No change needed, current government is okay. ஸ்டாலின் தான் தொடரணும், திட்டங்கள் நல்லா இருக்கு. Thank you sir.",Done,80.0,Correctly Done,திருப்தி/ Satisfied,"இல்லை, மாற்றம் தேவையில்லை/ No, don’t need a change",மு.க. ஸ்டாலின் (திமுக)/ M.K. Stalin (DMK),அதிமுக கூட்டணி/ AIADMK Alliance,Fisherman,60+,ஆண்/Male,இல்லத்தரசி/ Housewife
SYN-0029,https://example.com/synthetic-audio/SYN-0029.mp3,"வணக்கம் அம்மா, இரண்டு நிமிஷம் பேசலாமா? இது ஒரு சர்வே. MLA-va paathathe illa, no work happened here. Primary health centre needs more staff and medicines. Fishermen need better harbour facilities and relief during ban period. No change needed, current government is okay. AIADMK time was better for our area. Thank you sir.",Pending,,No comment,திருப்தியில்லை/ Not Satisfied,"இல்லை, மாற்றம் தேவையில்லை/ No, don’t need a change",எடப்பாடி கே. பழனிசாமி (அதிமுக)/ Edappadi K. Palaniswami (AIADMK),அதிமுக கூட்டணி/ AIADMK Alliance,Fisherman,41-60,ஆண்/Male,சொந்த தொழில் / சுயதொழில் செய்பவர்/ Self Employed/Business
SYN-0030,https://example.com/synthetic-audio/SYN-0030.mp3,"வணக்கம், நாங்க ஒரு கருத்துக்கணிப்பு செய்கிறோம், சில கேள்விகள் கேட்கலாமா? Some work done, but still lot of improvement needed. எங்க தெரு சாலை ரொம்ப மோசம், மழை வந்தா நடக்கவே முடியாது. No change needed, current government is okay. Seeman speaks for Tamil people, I support NTK. நன்றி, வணக்கம்.",Pending,,No comment,மேம்பாடு தேவை/ Needs improvement,"இல்லை, மாற்றம் தேவையில்லை/ No, don’t need a change",சீமான் (நாம் தமிழர் கட்சி)/ Seeman (NTK),நாம் தமிழர் கட்சி/ Naam Tamilar Katch(NTK),Fisherman,41-60,ஆண்/Male,இல்லத்தரசி/ Housewife
SYN-0031,https://example.com/synthetic-audio/SYN-0031.mp3,"வணக்கம் அம்மா, இரண்டு நிமிஷம் பேசலாமா? இது ஒரு சர்வே. எம்.எல்.ஏ வேலை பரவாயில்லை, அடிக்கடி ஏரியாவுக்கு வருவார். இலவச பஸ் பயணம் பெண்களுக்கு நல்ல திட்டம். No change needed, current government is okay. Anyone is fine, they should just do the work. நன்றி, வணக்கம்.",Pending,,No comment,திருப்தி/ Satisfied,"இல்லை, மாற்றம் தேவையில்லை/ No, don’t need a change",மற்றவர்கள்/ Others,மற்றவர்கள்/ Others,Nadars,18-30,பெண்/Female,சொந்த தொழில் / சுயதொழில் செய்பவர்/ Self Employed/Business
SYN-0032,https://example.com/synthetic-audio/SYN-0032.mp3,"Hello sir, oru small survey, few questions mattum. MLA work okay, he came during the rain time. The road near the bus stop is a big problem, please fix it. Water supply is irregular, we buy cans every day. No change needed, current government is okay. அடுத்த முதல்வரா விஜய் வரணும்னு நினைக்கிறேன், புதுசா ஒருத்தர் வேணும். நன்றி.",Done,95.0,Correctly Done,திருப்தி/ Satisfied,"இல்லை, மாற்றம் தேவையில்லை/ No, don’t need a change",விஜய் (தமிழகம் வெற்றி கழகம்)/ Vijay (TVK),தமிழகம் வெற்றி கழகம்/ Tamilaga Vettri Kazhagam(TVK),Nadars,31-40,பெண்/Female,பணியாளர்/ Employee
SYN-0033,https://example.com/synthetic-audio/SYN-0033.mp3,"வணக்கம் அம்மா, இரண்டு நிமிஷம் பேசலாமா? இது ஒரு சர்வே. எம்.எல்.ஏ வேலை பரவாயில்லை, அடிக்கடி ஏரியாவுக்கு வருவார். இலவச பஸ் பயணம் பெண்களுக்கு நல்ல திட்டம். Youth need jobs, factories should come to this area. Yes, change venum this time. I like Vijay, new face, youngsters support him. சரி, நன்றி அம்மா.",Pending,,No comment,திருப்தி/ Satisfied,"ஆம், மாற்றம் தேவை/ Yes, need a change",விஜய் (தமிழகம் வெற்றி கழகம்)/ Vijay (TVK),மற்றவர்கள்/ Others,SC,18-30,பெண்/Female,சொந்த தொழில் / சுயதொழில் செய்பவர்/ Self Employed/Business
SYN-0034,https://example.com/synthetic-audio/SYN-0034.mp3,"வணக்கம், நாங்க ஒரு கருத்துக்கணிப்பு செய்கிறோம், சில கேள்விகள் கேட்கலாமா? எம்.எல்.ஏ வேலை பரவாயில்லை, அடிக்கடி ஏரியாவுக்கு வருவார். அரசு மருத்துவமனையில் டாக்டர் குறைவு, காத்திருக்கணும். Youth need jobs, factories should come to this area. இன்னும் முடிவு பண்ணல, பார்க்கலாம். அடுத்த முதல்வரா விஜய் வரணும்னு நினைக்கிறேன், புதுசா ஒருத்தர் வேணும். நன்றி, வணக்கம்.",Done,80.0,Correctly Done,திருப்தி/ Satisfied,உறுதி இல்லை/ Not sure,விஜய் (தமிழகம் வெற்றி கழகம்)/ Vijay (TVK),தமிழகம் வெற்றி கழகம்/ Tamilaga Vettri Kazhagam(TVK),Nadars,18-30,பெண்/Female,கூலி தொழில்/ Daily Wage
SYN-0035,https://example.com/synthetic-audio/SYN-0035.mp3,,Done,10.0,Fake Audio/Empty Audio,மேம்பாடு தேவை/ Needs improvement,"இல்லை, மாற்றம் தேவையில்லை/ No, don’t need a change",மு.க. ஸ்டாலின் (திமுக)/ M.K. Stalin (DMK),திமுக கூட்டணி/ DMK Alliance,Fisherman,18-30,ஆண்/Male,கூலி தொழில்/ Daily Wage
SYN-0036,https://example.com/synthetic-audio/SYN-0036.mp3,"வணக்கம், நாங்க ஒரு கருத்துக்கணிப்பு செய்கிறோம், சில கேள்விகள் கேட்கலாமா? MLA-va paathathe illa, no work happened here. Water supply is irregular, we buy cans every day. Ration shop is fine but queue is very long. இப்போ இருக்குற ஆட்சியே போதும், மாற்றம் தேவையில்லை. சீமான் பேசுறது சரியா இருக்கு, தமிழ் உணர்வு முக்கியம். சரி, நன்றி அம்மா.",Done,90.0,Correctly Done,திருப்தியில்லை/ Not Satisfied,"இல்லை, மாற்றம் தேவையில்லை/ No, don’t need a change",சீமான் (நாம் தமிழர் கட்சி)/ Seeman (NTK),நாம் தமிழர் கட்சி/ Naam Tamilar Katch(NTK),Mudaliyar,31-40,பெண்/Female,இல்லத்தரசி/ Housewife
SYN-0037,https://example.com/synthetic-audio/SYN-0037.mp3,"வணக்கம் அம்மா, இரண்டு நிமிஷம் பேசலாமா? இது ஒரு சர்வே. MLA-va paathathe illa, no work happened here. இலவச பஸ் பயணம் பெண்களுக்கு நல்ல திட்டம். No change needed, current government is okay. I like Vijay, new face, youngsters support him. நன்றி.",Done,90.0,Correctly Done,திருப்தியில்லை/ Not Satisfied,"இல்லை, மாற்றம் தேவையில்லை/ No, don’t need a change",விஜய் (தமிழகம் வெற்றி கழகம்)/ Vijay (TVK),தமிழகம் வெற்றி கழகம்/ Tamilaga Vettri Kazhagam(TVK),Muslim,18-30,ஆண்/Male,மற்றவை/ Others
SYN-0038,https://example.com/synthetic-audio/SYN-0038.mp3,"வணக்கம் அம்மா, இரண்டு நிமிஷம் பேசலாமா? இது ஒரு சர்வே. எம்.எல்.ஏ வேலை பரவாயில்லை, அடிக்கடி ஏரியாவுக்கு வருவார். அரசு மருத்துவமனையில் டாக்டர் குறைவு, காத்திருக்கணும். ஆமாம், இந்த தடவை மாற்றம் வேணும். யாரு வந்தாலும் ஒண்ணுதான், வேலை செய்யணும் அவ்வளவுதான். சரி, நன்றி அம்மா.",Pending,,No comment,திருப்தி/ Satisfied,"ஆம், மாற்றம் தேவை/ Yes, need a change",மற்றவர்கள்/ Others,மற்றவர்கள்/ Others,Fisherman,18-30,ஆண்/Male,கூலி தொழில்/ Daily Wage
SYN-0039,https://example.com/synthetic-audio/SYN-0039.mp3,"Hello sir, oru small survey, few questions mattum. Some work done, but still lot of improvement needed. மகளிர் உரிமைத் தொகை கிடைக்குது, அது உதவியா இருக்கு. Fishermen need better harbour facilities and relief during ban period. குடிநீர் வாரத்துக்கு இரண்டு நாள் தான் வருது, அது பெரிய பிரச்சனை. Not decided yet, will see closer to election. Seeman speaks for Tamil people, I support NTK. நன்றி, வணக்கம்.",Pending,,No comment,மேம்பாடு தேவை/ Needs improvement,உறுதி இல்லை/ Not sure,சீமான் (நாம் தமிழர் கட்சி)/ Seeman (NTK),நாம் தமிழர் கட்சி/ Naam Tamilar Katch(NTK),Vanniyar,31-40,பெண்/Female,மற்றவை/ Others
SYN-0040,https://example.com/synthetic-audio/SYN-0040.mp3,"வணக்கம், நாங்க ஒரு கருத்துக்கணிப்பு செய்கிறோம், சில கேள்விகள் கேட்கலாமா? கொஞ்சம் வேலை நடந்திருக்கு, ஆனா இன்னும் நிறைய செய்யணும். Gas cylinder price is too high for daily wage families. Fishermen need better harbour facilities and relief during ban period. குடிநீர் வாரத்துக்கு இரண்டு நாள் தான் வருது, அது பெரிய பிரச்சனை. Not decided yet, will see closer to election. எடப்பாடி ஆட்சி காலத்துல நல்லா இருந்துச்சு. Thank you sir.",Pending,,No comment,மேம்பாடு தேவை/ Needs improvement,உறுதி இல்லை/ Not sure,எடப்பாடி கே. பழனிசாமி (அதிமுக)/ Edappadi K. Palaniswami (AIADMK),தமிழகம் வெற்றி கழகம்/ Tamilaga Vettri Kazhagam(TVK),Chettiyar,41-60,பெண்/Female,மற்றவை/ Others
SYN-0041,https://example.com/synthetic-audio/SYN-0041.mp3,"வணக்கம், நாங்க ஒரு கருத்துக்கணிப்பு செய்கிறோம், சில கேள்விகள் கேட்கலாமா? எம்.எல்.ஏ இங்க வந்ததே இல்லை, எந்த வேலையும் நடக்கல. ரோடு போட்டு இரண்டு வருஷம் ஆச்சு, மறுபடியும் பள்ளம் ஆயிடுச்சு. இளைஞர்களுக்கு வேலை வாய்ப்பு இல்லை, அதுதான் முக்கிய கோரிக்கை. No change needed, current government is okay. Stalin is doing okay, schemes are useful for us. Thank you sir.",Done,90.0,Correctly Done,திருப்தியில்லை/ Not Satisfied,"இல்லை, மாற்றம் தேவையில்லை/ No, don’t need a change",மு.க. ஸ்டாலின் (திமுக)/ M.K. Stalin (DMK),திமுக கூட்டணி/ DMK Alliance,Vanniyar,31-40,பெண்/Female,கூலி தொழில்/ Daily Wage
SYN-0042,https://example.com/synthetic-audio/SYN-0042.mp3,"வணக்கம் அம்மா, இரண்டு நிமிஷம் பேசலாமா? இது ஒரு சர்வே. MLA work okay, he came during the rain time. குடிநீர் வாரத்துக்கு இரண்டு நாள் தான் வருது, அது பெரிய பிரச்சனை. ஆமாம், இந்த தடவை மாற்றம் வேணும். அடுத்த முதல்வரா விஜய் வரணும்னு நினைக்கிறேன், புதுசா ஒருத்தர் வேணும். நன்றி, வணக்கம்.",Pending,,No comment,திருப்தி/ Satisfied,"ஆம், மாற்றம் தேவை/ Yes, need a change",விஜய் (தமிழகம் வெற்றி கழகம்)/ Vijay (TVK),தமிழகம் வெற்றி கழகம்/ Tamilaga Vettri Kazhagam(TVK),DONT SAY,31-40,ஆண்/Male,கூலி தொழில்/ Daily Wage
SYN-0043,https://example.com/synthetic-audio/SYN-0043.mp3,"வணக்கம், நாங்க ஒரு கருத்துக்கணிப்பு செய்கிறோம், சில கேள்விகள் கேட்கலாமா? Some work done, but still lot of improvement needed. மகளிர் உரிமைத் தொகை கிடைக்குது, அது உதவியா இருக்கு. Primary health centre needs more staff and medicines. எங்க தெரு சாலை ரொம்ப மோசம், மழை வந்தா நடக்கவே முடியாது. ஆமாம், இந்த தடவை மாற்றம் வேணும். அடுத்த முதல்வரா விஜய் வரணும்னு நினைக்கிறேன், புதுசா ஒருத்தர் வேணும். நன்றி.",Done,90.0,Correctly Done,மேம்பாடு தேவை/ Needs improvement,"ஆம், மாற்றம் தேவை/ Yes, need a change",விஜய் (தமிழகம் வெற்றி கழகம்)/ Vijay (TVK),தமிழகம் வெற்றி கழகம்/ Tamilaga Vettri Kazhagam(TVK),Fisherman,41-60,பெண்/Female,கூலி தொழில்/ Daily Wage
SYN-0044,https://example.com/synthetic-audio/SYN-0044.mp3,"Hello sir, oru small survey, few questions mattum. Some work done, but still lot of improvement needed. குடிநீர் வாரத்துக்கு இரண்டு நாள் தான் வருது, அது பெரிய பிரச்சனை. Yes, change venum this time. AIADMK time was better for our area. சரி, நன்றி அம்மா.",Done,100.0,Correctly Done,மேம்பாடு தேவை/ Needs improvement,"ஆம், மாற்றம் தேவை/ Yes, need a change",எடப்பாடி கே. பழனிசாமி (அதிமுக)/ Edappadi K. Palaniswami (AIADMK),அதிமுக கூட்டணி/ AIADMK Alliance,SC,41-60,ஆண்/Male,பணியாளர்/ Employee
SYN-0045,https://example.com/synthetic-audio/SYN-0045.mp3,"Hello sir, oru small survey, few questions mattum. Some work done, but still lot of improvement needed. இளைஞர்களுக்கு வேலை வாய்ப்பு இல்லை, அதுதான் முக்கிய கோரிக்கை. Water supply is irregular, we buy cans every day. Not decided yet, will see closer to election. Seeman speaks for Tamil people, I support NTK. நன்றி.",Done,80.0,Correctly Done,மேம்பாடு தேவை/ Needs improvement,உறுதி இல்லை/ Not sure,சீமான் (நாம் தமிழர் கட்சி)/ Seeman (NTK),நாம் தமிழர் கட்சி/ Naam Tamilar Katch(NTK),Vanniyar,31-40,ஆண்/Male,பணியாளர்/ Employee
SYN-0046,https://example.com/synthetic-audio/SYN-0046.mp3,"Hello sir, oru small survey, few questions mattum. MLA-va paathathe illa, no work happened here. அரசு மருத்துவமனையில் டாக்டர் குறைவு, காத்திருக்கணும். இப்போ இருக்குற ஆட்சியே போதும், மாற்றம் தேவையில்லை. I like Vijay, new face, youngsters support him. Thank you sir.",Pending,,No comment,திருப்தியில்லை/ Not Satisfied,"இல்லை, மாற்றம் தேவையில்லை/ No, don’t need a change",விஜய் (தமிழகம் வெற்றி கழகம்)/ Vijay (TVK),தமிழகம் வெற்றி கழகம்/ Tamilaga Vettri Kazhagam(TVK),Linguistic Minority,41-60,ஆண்/Male,சொந்த தொழில் / சுயதொழில் செய்பவர்/ Self Employed/Business
SYN-0047,https://example.com/synthetic-audio/SYN-0047.mp3,"Hello sir, oru small survey, few questions mattum. Some work done, but still lot of improvement needed. மீன்பிடி துறைமுகம் சரியா பராமரிக்கப்படல, படகு நிறுத்த இடம் இல்லை. இன்னும் முடிவு பண்ணல, பார்க்கலாம். ஸ்டாலின் தான் தொடரணும், திட்டங்கள் நல்லா இருக்கு. சரி, நன்றி அம்மா.",Done,90.0,Correctly Done,மேம்பாடு தேவை/ Needs improvement,உறுதி இல்லை/ Not sure,மு.க. ஸ்டாலின் (திமுக)/ M.K. Stalin (DMK),திமுக கூட்டணி/ DMK Alliance,Vanniyar,18-30,ஆண்/Male,மற்றவை/ Others
SYN-0048,https://example.com/synthetic-audio/SYN-0048.mp3,"வணக்கம் அம்மா, இரண்டு நிமிஷம் பேசலாமா? இது ஒரு சர்வே. எம்.எல்.ஏ இங்க வந்ததே இல்லை, எந்த வேலையும் நடக்கல. Primary health centre needs more staff and medicines. No change needed, current government is okay. அடுத்த முதல்வரா விஜய் வரணும்னு நினைக்கிறேன், புதுசா ஒருத்தர் வேணும். சரி, நன்றி அம்மா.",Done,90.0,Correctly Done,திருப்தியில்லை/ Not Satisfied,"இல்லை, மாற்றம் தேவையில்லை/ No, don’t need a change",விஜய் (தமிழகம் வெற்றி கழகம்)/ Vijay (TVK),தமிழகம் வெற்றி கழகம்/ Tamilaga Vettri Kazhagam(TVK),Muslim,31-40,ஆண்/Male,சொந்த தொழில் / சுயதொழில் செய்பவர்/ Self Employed/Business
SYN-0049,https://example.com/synthetic-audio/SYN-0049.mp3,"வணக்கம் அம்மா, இரண்டு நிமிஷம் பேசலாமா? இது ஒரு சர்வே. MLA-va paathathe illa, no work happened here. Water supply is irregular, we buy cans every day. Yes, change venum this time. ஸ்டாலின் தான் தொடரணும், திட்டங்கள் நல்லா இருக்கு. சரி, நன்றி அம்மா.",Pending,,No comment,திருப்தியில்லை/ Not Satisfied,"ஆம், மாற்றம் தேவை/ Yes, need a change",மு.க. ஸ்டாலின் (திமுக)/ M.K. Stalin (DMK),திமுக கூட்டணி/ DMK Alliance,Fisherman,18-30,ஆண்/Male,கூலி தொழில்/ Daily Wage
SYN-0050,https://example.com/synthetic-audio/SYN-0050.mp3,"வணக்கம் அம்மா, இரண்டு நிமிஷம் பேசலாமா? இது ஒரு சர்வே. கொஞ்சம் வேலை நடந்திருக்கு, ஆனா இன்னும் நிறைய செய்யணும். Fishermen need better harbour facilities and relief during ban period. Gas cylinder price is too high for daily wage families. Youth need jobs, factories should come to this area. No change needed, current government is okay. I like Vijay, new face, youngsters support him. Thank you sir.",Done,90.0,Correctly Done,மேம்பாடு தேவை/ Needs improvement,"இல்லை, மாற்றம் தேவையில்லை/ No, don’t need a change",விஜய் (தமிழகம் வெற்றி கழகம்)/ Vijay (TVK),தமிழகம் வெற்றி கழகம்/ Tamilaga Vettri Kazhagam(TVK),SC,41-60,பெண்/Female,இல்லத்தரசி/ Housewife
SYN-0051,https://example.com/synthetic-audio/SYN-0051.mp3,"Hello sir, oru small survey, few questions mattum. எம்.எல்.ஏ இங்க வந்ததே இல்லை, எந்த வேலையும் நடக்கல. Fishermen need better harbour facilities and relief during ban period. இளைஞர்களுக்கு வேலை வாய்ப்பு இல்லை, அதுதான் முக்கிய கோரிக்கை. Water supply is irregular, we buy cans every day. Yes, change venum this time. எடப்பாடி ஆட்சி காலத்துல நல்லா இருந்துச்சு. நன்றி.",Done,90.0,Correctly Done,திருப்தியில்லை/ Not Satisfied,"ஆம், மாற்றம் தேவை/ Yes, need a change",எடப்பாடி கே. பழனிசாமி (அதிமுக)/ Edappadi K. Palaniswami (AIADMK),அதிமுக கூட்டணி/ AIADMK Alliance,Chettiyar,18-30,பெண்/Female,சொந்த தொழில் / சுயதொழில் செய்பவர்/ Self Employed/Business
SYN-0052,https://example.com/synthetic-audio/SYN-0052.mp3,"Hello sir, oru small survey, few questions mattum. MLA work okay, he came during the rain time. இளைஞர்களுக்கு வேலை வாய்ப்பு இல்லை, அதுதான் முக்கிய கோரிக்கை. அரசு மருத்துவமனையில் டாக்டர் குறைவு, காத்திருக்கணும். விலைவாசி ரொம்ப ஏறிப்போச்சு, காய்கறி வாங்கவே கஷ்டம். Yes, change venum this time. I like Vijay, new face, youngsters support him. நன்றி.",Done,90.0,Correctly Done,திருப்தி/ Satisfied,"ஆம், மாற்றம் தேவை/ Yes, need a change",விஜய் (தமிழகம் வெற்றி கழகம்)/ Vijay (TVK),தமிழகம் வெற்றி கழகம்/ Tamilaga Vettri Kazhagam(TVK),Muslim,41-60,பெண்/Female,இல்லத்தரசி/ Housewife
SYN-0053,https://example.com/synthetic-audio/SYN-0053.mp3,"வணக்கம் அம்மா, இரண்டு நிமிஷம் பேசலாமா? இது ஒரு சர்வே. எம்.எல்.ஏ வேலை பரவாயில்லை, அடிக்கடி ஏரியாவுக்கு வருவார். கழிவுநீர் கால்வாய் அடைச்சு கிடக்கு, கொசு தொல்லை அதிகம். Gas cylinder price is too high for daily wage families. No change needed, current government is okay. AIADMK time was better for our area. Thank you sir.",Pending,,No comment,திருப்தி/ Satisfied,"இல்லை, மாற்றம் தேவையில்லை/ No, don’t need a change",எடப்பாடி கே. பழனிசாமி (அதிமுக)/ Edappadi K. Palaniswami (AIADMK),அதிமுக கூட்டணி/ AIADMK Alliance,Chettiyar,31-40,பெண்/Female,சொந்த தொழில் / சுயதொழில் செய்பவர்/ Self Employed/Business
SYN-0054,https://example.com/synthetic-audio/SYN-0054.mp3,ஹலோ... ஹலோ...,Done,10.0,Fake Audio/Empty Audio,மேம்பாடு தேவை/ Needs improvement,"இல்லை, மாற்றம் தேவையில்லை/ No, don’t need a change",மு.க. ஸ்டாலின் (திமுக)/ M.K. Stalin (DMK),திமுக கூட்டணி/ DMK Alliance,Linguistic Minority,41-60,ஆண்/Male,பணியாளர்/ Employee
SYN-0055,https://example.com/synthetic-audio/SYN-0055.mp3,"வணக்கம், நாங்க ஒரு கருத்துக்கணிப்பு செய்கிறோம், சில கேள்விகள் கேட்கலாமா? எம்.எல்.ஏ இங்க வந்ததே இல்லை, எந்த வேலையும் நடக்கல. இளைஞர்களுக்கு வேலை வாய்ப்பு இல்லை, அதுதான் முக்கிய கோரிக்கை. Primary health centre needs more staff and medicines. மீன்பிடி துறைமுகம் சரியா பராமரிக்கப்படல, படகு நிறுத்த இடம் இல்லை. ஆமாம், இந்த தடவை மாற்றம் வேணும். Stalin is doing okay, schemes are useful for us. நன்றி.",Pending,,No comment,திருப்தியில்லை/ Not Satisfied,"ஆம், மாற்றம் தேவை/ Yes, need a change",மு.க. ஸ்டாலின் (திமுக)/ M.K. Stalin (DMK),திமுக கூட்டணி/ DMK Alliance,SC,60+,ஆண்/Male,மற்றவை/ Others
SYN-0056,https://example.com/synthetic-audio/SYN-0056.mp3,"Hello sir, oru small survey, few questions mattum. கொஞ்சம் வேலை நடந்திருக்கு, ஆனா இன்னும் நிறைய செய்யணும். Fishermen need better harbour facilities and relief during ban period. Youth need jobs, factories should come to this area. No change needed, current government is okay. ஸ்டாலின் தான் தொடரணும், திட்டங்கள் நல்லா இருக்கு. சரி, நன்றி அம்மா.",Done,95.0,Correctly Done,மேம்பாடு தேவை/ Needs improvement,"இல்லை, மாற்றம் தேவையில்லை/ No, don’t need a change",மு.க. ஸ்டாலின் (திமுக)/ M.K. Stalin (DMK),தமிழகம் வெற்றி கழகம்/ Tamilaga Vettri Kazhagam(TVK),SC,18-30,பெண்/Female,கூலி தொழில்/ Daily Wage
SYN-0057,https://example.com/synthetic-audio/SYN-0057.mp3,"வணக்கம் அம்மா, இரண்டு நிமிஷம் பேசலாமா? இது ஒரு சர்வே. MLA-va paathathe illa, no work happened here. மீன்பிடி துறைமுகம் சரியா பராமரிக்கப்படல, படகு நிறுத்த இடம் இல்லை. Yes, change venum this time. அடுத்த முதல்வரா விஜய் வரணும்னு நினைக்கிறேன், புதுசா ஒருத்தர் வேணும். Thank you sir.",Pending,,No comment,திருப்தியில்லை/ Not Satisfied,"ஆம், மாற்றம் தேவை/ Yes, need a change",விஜய் (தமிழகம் வெற்றி கழகம்)/ Vijay (TVK),தமிழகம் வெற்றி கழகம்/ Tamilaga Vettri Kazhagam(TVK),Vanniyar,41-60,ஆண்/Male,கூலி தொழில்/ Daily Wage
SYN-0058,https://example.com/synthetic-audio/SYN-0058.mp3,"வணக்கம் அம்மா, இரண்டு நிமிஷம் பேசலாமா? இது ஒரு சர்வே. எம்.எல்.ஏ வேலை பரவாயில்லை, அடிக்கடி ஏரியாவுக்கு வருவார். The road near the bus stop is a big problem, please fix it. Gas cylinder price is too high for daily wage families. Fishermen need better harbour facilities and relief during ban period. ஆமாம், இந்த தடவை மாற்றம் வேணும். AIADMK time was better for our area. நன்றி.",Done,90.0,Correctly Done,திருப்தி/ Satisfied,"ஆம், மாற்றம் தேவை/ Yes, need a change",எடப்பாடி கே. பழனிசாமி (அதிமுக)/ Edappadi K. Palaniswami (AIADMK),அதிமுக கூட்டணி/ AIADMK Alliance,Linguistic Minority,31-40,ஆண்/Male,இல்லத்தரசி/ Housewife
SYN-0059,https://example.com/synthetic-audio/SYN-0059.mp3,"Hello sir, oru small survey, few questions mattum. Some work done, but still lot of improvement needed. மகளிர் உரிமைத் தொகை கிடைக்குது, அது உதவியா இருக்கு. ரோடு போட்டு இரண்டு வருஷம் ஆச்சு, மறுபடியும் பள்ளம் ஆயிடுச்சு. Not decided yet, will see closer to election. I like Vijay, new face, youngsters support him. Thank you sir.",Done,100.0,Correctly Done,மேம்பாடு தேவை/ Needs improvement,உறுதி இல்லை/ Not sure,விஜய் (தமிழகம் வெற்றி கழகம்)/ Vijay (TVK),தமிழகம் வெற்றி கழகம்/ Tamilaga Vettri Kazhagam(TVK),Fisherman,41-60,பெண்/Female,சொந்த தொழில் / சுயதொழில் செய்பவர்/ Self Employed/Business
SYN-0060,https://example.com/synthetic-audio/SYN-0060.mp3,"Hello sir, oru small survey, few questions mattum. எம்.எல்.ஏ இங்க வந்ததே இல்லை, எந்த வேலையும் நடக்கல. Drainage overflow every monsoon, health issue for kids. Not decided yet, will see closer to election. அடுத்த முதல்வரா விஜய் வரணும்னு நினைக்கிறேன், புதுசா ஒருத்தர் வேணும். நன்றி.",Done,95.0,Correctly Done,திருப்தியில்லை/ Not Satisfied,உறுதி இல்லை/ Not sure,விஜய் (தமிழகம் வெற்றி கழகம்)/ Vijay (TVK),தமிழகம் வெற்றி கழகம்/ Tamilaga Vettri Kazhagam(TVK),Fisherman,41-60,ஆண்/Male,சொந்த தொழில் / சுயதொழில் செய்பவர்/ Self Employed/Business
SYN-0061,https://example.com/synthetic-audio/SYN-0061.mp3,"வணக்கம் அம்மா, இரண்டு நிமிஷம் பேசலாமா? இது ஒரு சர்வே. எம்.எல்.ஏ வேலை பரவாயில்லை, அடிக்கடி ஏரியாவுக்கு வருவார். Drainage overflow every monsoon, health issue for kids. Primary health centre needs more staff and medicines. No change needed, current government is okay. AIADMK time was better for our area. Thank you sir.",Pending,,No comment,திருப்தி/ Satisfied,"இல்லை, மாற்றம் தேவையில்லை/ No, don’t need a change",எடப்பாடி கே. பழனிசாமி (அதிமுக)/ Edappadi K. Palaniswami (AIADMK),அதிமுக கூட்டணி/ AIADMK Alliance,Chettiyar,31-40,பெண்/Female,சொந்த தொழில் / சுயதொழில் செய்பவர்/ Self Employed/Business
SYN-0062,https://example.com/synthetic-audio/SYN-0062.mp3,"வணக்கம் அம்மா, இரண்டு நிமிஷம் பேசலாமா? இது ஒரு சர்வே. கொஞ்சம் வேலை நடந்திருக்கு, ஆனா இன்னும் நிறைய செய்யணும். Youth need jobs, factories should come to this area. The road near the bus stop is a big problem, please fix it. இன்னும் முடிவு பண்ணல, பார்க்கலாம். யாரு வந்தாலும் ஒண்ணுதான், வேலை செய்யணும் அவ்வளவுதான். நன்றி, வணக்கம்.",Done,95.0,Correctly Done,மேம்பாடு தேவை/ Needs improvement,உறுதி இல்லை/ Not sure,மற்றவர்கள்/ Others,மற்றவர்கள்/ Others,Fisherman,31-40,ஆண்/Male,கூலி தொழில்/ Daily Wage
SYN-0063,https://example.com/synthetic-audio/SYN-0063.mp3,"வணக்கம், நாங்க ஒரு கருத்துக்கணிப்பு செய்கிறோம், சில கேள்விகள் கேட்கலாமா? MLA work okay, he came during the rain time. இலவச பஸ் பயணம் பெண்களுக்கு நல்ல திட்டம். The road near the bus stop is a big problem, please fix it. குடிநீர் வாரத்துக்கு இரண்டு நாள் தான் வருது, அது பெரிய பிரச்சனை. No change needed, current government is okay. ஸ்டாலின் தான் தொடரணும், திட்டங்கள் நல்லா இருக்கு. சரி, நன்றி அம்மா.",Pending,,No comment,திருப்தி/ Satisfied,"இல்லை, மாற்றம் தேவையில்லை/ No, don’t need a change",மு.க. ஸ்டாலின் (திமுக)/ M.K. Stalin (DMK),திமுக கூட்டணி/ DMK Alliance,ST,41-60,பெண்/Female,மாணவர்/ Student
SYN-0064,https://example.com/synthetic-audio/SYN-0064.mp3,"Hello sir, oru small survey, few questions mattum. MLA work okay, he came during the rain time. எங்க தெரு சாலை ரொம்ப மோசம், மழை வந்தா நடக்கவே முடியாது. இளைஞர்களுக்கு வேலை வாய்ப்பு இல்லை, அதுதான் முக்கிய கோரிக்கை. ஆமாம், இந்த தடவை மாற்றம் வேணும். அடுத்த முதல்வரா விஜய் வரணும்னு நினைக்கிறேன், புதுசா ஒருத்தர் வேணும். நன்றி.",Pending,,No comment,திருப்தி/ Satisfied,"ஆம், மாற்றம் தேவை/ Yes, need a change",விஜய் (தமிழகம் வெற்றி கழகம்)/ Vijay (TVK),தமிழகம் வெற்றி கழகம்/ Tamilaga Vettri Kazhagam(TVK),Fisherman,41-60,பெண்/Female,கூலி தொழில்/ Daily Wage
SYN-0065,https://example.com/synthetic-audio/SYN-0065.mp3,"வணக்கம் அம்மா, இரண்டு நிமிஷம் பேசலாமா? இது ஒரு சர்வே. எம்.எல்.ஏ வேலை பரவாயில்லை, அடிக்கடி ஏரியாவுக்கு வருவார். Primary health centre needs more staff and medicines. No change needed, current government is okay. ஸ்டாலின் தான் தொடரணும், திட்டங்கள் நல்லா இருக்கு. நன்றி, வணக்கம்.",Pending,,No comment,திருப்தி/ Satisfied,"இல்லை, மாற்றம் தேவையில்லை/ No, don’t need a change",மு.க. ஸ்டாலின் (திமுக)/ M.K. Stalin (DMK),திமுக கூட்டணி/ DMK Alliance,Fisherman,18-30,ஆண்/Male,கூலி தொழில்/ Daily Wage
SYN-0066,https://example.com/synthetic-audio/SYN-0066.mp3,"வணக்கம் அம்மா, இரண்டு நிமிஷம் பேசலாமா? இது ஒரு சர்வே. MLA work okay, he came during the rain time. Primary health centre needs more staff and medicines. Yes, change venum this time. I like Vijay, new face, youngsters support him. Thank you sir.",Done,90.0,Correctly Done,திருப்தி/ Satisfied,"ஆம், மாற்றம் தேவை/ Yes, need a change",விஜய் (தமிழகம் வெற்றி கழகம்)/ Vijay (TVK),திமுக கூட்டணி/ DMK Alliance,Linguistic Minority,31-40,ஆண்/Male,மாணவர்/ Student
SYN-0067,https://example.com/synthetic-audio/SYN-0067.mp3,"வணக்கம், நாங்க ஒரு கருத்துக்கணிப்பு செய்கிறோம், சில கேள்விகள் கேட்கலாமா? MLA work okay, he came during the rain time. விலைவாசி ரொம்ப ஏறிப்போச்சு, காய்கறி வாங்கவே கஷ்டம். இப்போ இருக்குற ஆட்சியே போதும், மாற்றம் தேவையில்லை. I like Vijay, new face, youngsters support him. சரி, நன்றி அம்மா.",Pending,,No comment,திருப்தி/ Satisfied,"இல்லை, மாற்றம் தேவையில்லை/ No, don’t need a change",விஜய் (தமிழகம் வெற்றி கழகம்)/ Vijay (TVK),திமுக கூட்டணி/ DMK Alliance,Vanniyar,41-60,ஆண்/Male,கூலி தொழில்/ Daily Wage
SYN-0068,https://example.com/synthetic-audio/SYN-0068.mp3,"வணக்கம், நாங்க ஒரு கருத்துக்கணிப்பு செய்கிறோம், சில கேள்விகள் கேட்கலாமா? MLA-va paathathe illa, no work happened here. அரசு மருத்துவமனையில் டாக்டர் குறைவு, காத்திருக்கணும். குடிநீர் வாரத்துக்கு இரண்டு நாள் தான் வருது, அது பெரிய பிரச்சனை. Yes, change venum this time. Stalin is doing okay, schemes are useful for us. நன்றி.",Done,90.0,Correctly Done,திருப்தியில்லை/ Not Satisfied,"ஆம், மாற்றம் தேவை/ Yes, need a change",மு.க. ஸ்டாலின் (திமுக)/ M.K. Stalin (DMK),திமுக கூட்டணி/ DMK Alliance,Muslim,31-40,ஆண்/Male,கூலி தொழில்/ Daily Wage
SYN-0069,https://example.com/synthetic-audio/SYN-0069.mp3,"வணக்கம் அம்மா, இரண்டு நிமிஷம் பேசலாமா? இது ஒரு சர்வே. MLA-va paathathe illa, no work happened here. Youth need jobs, factories should come to this area. No change needed, current government is okay. ஸ்டாலின் தான் தொடரணும், திட்டங்கள் நல்லா இருக்கு. Thank you sir.",Done,80.0,Correctly Done,திருப்தியில்லை/ Not Satisfied,"இல்லை, மாற்றம் தேவையில்லை/ No, don’t need a change",மு.க. ஸ்டாலின் (திமுக)/ M.K. Stalin (DMK),நாம் தமிழர் கட்சி/ Naam Tamilar Katch(NTK),Mudaliyar,18-30,பெண்/Female,பணியாளர்/ Employee
SYN-0070,https://example.com/synthetic-audio/SYN-0070.mp3,"வணக்கம் அம்மா, இரண்டு நிமிஷம் பேசலாமா? இது ஒரு சர்வே. எம்.எல்.ஏ வேலை பரவாயில்லை, அடிக்கடி ஏரியாவுக்கு வருவார். Youth need jobs, factories should come to this area. இலவச பஸ் பயணம் பெண்களுக்கு நல்ல திட்டம். Yes, change venum this time. AIADMK time was better for our area. சரி, நன்றி அம்மா.",Pending,,No comment,திருப்தி/ Satisfied,"ஆம், மாற்றம் தேவை/ Yes, need a change",எடப்பாடி கே. பழனிசாமி (அதிமுக)/ Edappadi K. Palaniswami (AIADMK),அதிமுக கூட்டணி/ AIADMK Alliance,Linguistic Minority,41-60,பெண்/Female,சொந்த தொழில் / சுயதொழில் செய்பவர்/ Self Employed/Business
SYN-0071,https://example.com/synthetic-audio/SYN-0071.mp3,"வணக்கம், நாங்க ஒரு கருத்துக்கணிப்பு செய்கிறோம், சில கேள்விகள் கேட்கலாமா? எம்.எல்.ஏ இங்க வந்ததே இல்லை, எந்த வேலையும் நடக்கல. Fishermen need better harbour facilities and relief during ban period. Primary health centre needs more staff and medicines. No change needed, current government is okay. எடப்பாடி ஆட்சி காலத்துல நல்லா இருந்துச்சு. சரி, நன்றி அம்மா.",Done,95.0,Correctly Done,திருப்தியில்லை/ Not Satisfied,"இல்லை, மாற்றம் தேவையில்லை/ No, don’t need a change",எடப்பாடி கே. பழனிசாமி (அதிமுக)/ Edappadi K. Palaniswami (AIADMK),அதிமுக கூட்டணி/ AIADMK Alliance,DONT SAY,60+,பெண்/Female,சொந்த தொழில் / சுயதொழில் செய்பவர்/ Self Employed/Business
SYN-0072,https://example.com/synthetic-audio/SYN-0072.mp3,"வணக்கம் அம்மா, இரண்டு நிமிஷம் பேசலாமா? இது ஒரு சர்வே. எம்.எல்.ஏ வேலை பரவாயில்லை, அடிக்கடி ஏரியாவுக்கு வருவார். மகளிர் உரிமைத் தொகை கிடைக்குது, அது உதவியா இருக்கு. ஆமாம், இந்த தடவை மாற்றம் வேணும். Stalin is doing okay, schemes are useful for us. நன்றி.",Done,95.0,Correctly Done,திருப்தி/ Satisfied,"ஆம், மாற்றம் தேவை/ Yes, need a change",மு.க. ஸ்டாலின் (திமுக)/ M.K. Stalin (DMK),திமுக கூட்டணி/ DMK Alliance,Vanniyar,31-40,ஆண்/Male,இல்லத்தரசி/ Housewife
SYN-0073,https://example.com/synthetic-audio/SYN-0073.mp3,"வணக்கம் அம்மா, இரண்டு நிமிஷம் பேசலாமா? இது ஒரு சர்வே. MLA-va paathathe illa, no work happened here. Gas cylinder price is too high for daily wage families. Water supply is irregular, we buy cans every day. இலவச பஸ் பயணம் பெண்களுக்கு நல்ல திட்டம். ஆமாம், இந்த தடவை மாற்றம் வேணும். Stalin is doing okay, schemes are useful for us. நன்றி, வணக்கம்.",Pending,,No comment,திருப்தியில்லை/ Not Satisfied,"ஆம், மாற்றம் தேவை/ Yes, need a change",மு.க. ஸ்டாலின் (திமுக)/ M.K. Stalin (DMK),திமுக கூட்டணி/ DMK Alliance,Fisherman,31-40,பெண்/Female,மற்றவை/ Others
SYN-0074,https://example.com/synthetic-audio/SYN-0074.mp3,"Hello sir, oru small survey, few questions mattum. எம்.எல்.ஏ இங்க வந்ததே இல்லை, எந்த வேலையும் நடக்கல. The road near the bus stop is a big problem, please fix it. Yes, change venum this time. I like Vijay, new face, youngsters support him. நன்றி.",Pending,,No comment,திருப்தியில்லை/ Not Satisfied,"ஆம், மாற்றம் தேவை/ Yes, need a change",விஜய் (தமிழகம் வெற்றி கழகம்)/ Vijay (TVK),தமிழகம் வெற்றி கழகம்/ Tamilaga Vettri Kazhagam(TVK),Christian,18-30,ஆண்/Male,இல்லத்தரசி/ Housewife
SYN-0075,https://example.com/synthetic-audio/SYN-0075.mp3,"வணக்கம் அம்மா, இரண்டு நிமிஷம் பேசலாமா? இது ஒரு சர்வே. MLA-va paathathe illa, no work happened here. மீன்பிடி துறைமுகம் சரியா பராமரிக்கப்படல, படகு நிறுத்த இடம் இல்லை. ஆமாம், இந்த தடவை மாற்றம் வேணும். I like Vijay, new face, youngsters support him. Thank you sir.",Pending,,No comment,திருப்தியில்லை/ Not Satisfied,"ஆம், மாற்றம் தேவை/ Yes, need a change",விஜய் (தமிழகம் வெற்றி கழகம்)/ Vijay (TVK),தமிழகம் வெற்றி கழகம்/ Tamilaga Vettri Kazhagam(TVK),SC,41-60,ஆண்/Male,இல்லத்தரசி/ Housewife
SYN-0076,https://example.com/synthetic-audio/SYN-0076.mp3,"Hello sir, oru small survey, few questions mattum. எம்.எல்.ஏ இங்க வந்ததே இல்லை, எந்த வேலையும் நடக்கல. Ration shop is fine but queue is very long. Fishermen need better harbour facilities and relief during ban period. Gas cylinder price is too high for daily wage families. இப்போ இருக்குற ஆட்சியே போதும், மாற்றம் தேவையில்லை. எடப்பாடி ஆட்சி காலத்துல நல்லா இருந்துச்சு. நன்றி.",Done,80.0,Correctly Done,திருப்தியில்லை/ Not Satisfied,"இல்லை, மாற்றம் தேவையில்லை/ No, don’t need a change",எடப்பாடி கே. பழனிசாமி (அதிமுக)/ Edappadi K. Palaniswami (AIADMK),அதிமுக கூட்டணி/ AIADMK Alliance,Fisherman,18-30,பெண்/Female,கூலி தொழில்/ Daily Wage
SYN-0077,https://example.com/synthetic-audio/SYN-0077.mp3,"Hello sir, oru small survey, few questions mattum. கொஞ்சம் வேலை நடந்திருக்கு, ஆனா இன்னும் நிறைய செய்யணும். Primary health centre needs more staff and medicines. விலைவாசி ரொம்ப ஏறிப்போச்சு, காய்கறி வாங்கவே கஷ்டம். Yes, change venum this time. சீமான் பேசுறது சரியா இருக்கு, தமிழ் உணர்வு முக்கியம். சரி, நன்றி அம்மா.",Pending,,No comment,மேம்பாடு தேவை/ Needs improvement,"ஆம், மாற்றம் தேவை/ Yes, need a change",சீமான் (நாம் தமிழர் கட்சி)/ Seeman (NTK),அதிமுக கூட்டணி/ AIADMK Alliance,Mudaliyar,18-30,ஆண்/Male,பணியாளர்/ Employee
SYN-0078,https://example.com/synthetic-audio/SYN-0078.mp3,"Hello sir, oru small survey, few questions mattum. எம்.எல்.ஏ வேலை பரவாயில்லை, அடிக்கடி ஏரியாவுக்கு வருவார். Gas cylinder price is too high for daily wage families. No change needed, current government is okay. ஸ்டாலின் தான் தொடரணும், திட்டங்கள் நல்லா இருக்கு. சரி, நன்றி அம்மா.",Pending,,No comment,திருப்தி/ Satisfied,"இல்லை, மாற்றம் தேவையில்லை/ No, don’t need a change",மு.க. ஸ்டாலின் (திமுக)/ M.K. Stalin (DMK),தமிழகம் வெற்றி கழகம்/ Tamilaga Vettri Kazhagam(TVK),Mudaliyar,60+,ஆண்/Male,மாணவர்/ Student
SYN-0079,https://example.com/synthetic-audio/SYN-0079.mp3,"Hello sir, oru small survey, few questions mattum. MLA work okay, he came during the rain time. கழிவுநீர் கால்வாய் அடைச்சு கிடக்கு, கொசு தொல்லை அதிகம். Water supply is irregular, we buy cans every day. இளைஞர்களுக்கு வேலை வாய்ப்பு இல்லை, அதுதான் முக்கிய கோரிக்கை. இப்போ இருக்குற ஆட்சியே போதும், மாற்றம் தேவையில்லை. Stalin is doing okay, schemes are useful for us. நன்றி, வணக்கம்.",Done,100.0,Correctly Done,திருப்தி/ Satisfied,"இல்லை, மாற்றம் தேவையில்லை/ No, don’t need a change",மு.க. ஸ்டாலின் (திமுக)/ M.K. Stalin (DMK),திமுக கூட்டணி/ DMK Alliance,Fisherman,18-30,ஆண்/Male,மாணவர்/ Student
SYN-0080,https://example.com/synthetic-audio/SYN-0080.mp3,"Hello sir, oru small survey, few questions mattum. எம்.எல்.ஏ இங்க வந்ததே இல்லை, எந்த வேலையும் நடக்கல. குடிநீர் வாரத்துக்கு இரண்டு நாள் தான் வருது, அது பெரிய பிரச்சனை. Drainage overflow every monsoon, health issue for kids. Gas cylinder price is too high for daily wage families. No change needed, current government is okay. அடுத்த முதல்வரா விஜய் வரணும்னு நினைக்கிறேன், புதுசா ஒருத்தர் வேணும். சரி, நன்றி அம்மா.",Done,90.0,Correctly Done,திருப்தியில்லை/ Not Satisfied,"இல்லை, மாற்றம் தேவையில்லை/ No, don’t need a change",விஜய் (தமிழகம் வெற்றி கழகம்)/ Vijay (TVK),திமுக கூட்டணி/ DMK Alliance,SC,31-40,பெண்/Female,மற்றவை/ Others
SYN-0081,https://example.com/synthetic-audio/SYN-0081.mp3,"Hello sir, oru small survey, few questions mattum. MLA work okay, he came during the rain time. Primary health centre needs more staff and medicines. Ration shop is fine but queue is very long. No change needed, current government is okay. Seeman speaks for Tamil people, I support NTK. Thank you sir.",Done,90.0,Correctly Done,திருப்தி/ Satisfied,"இல்லை, மாற்றம் தேவையில்லை/ No, don’t need a change",சீமான் (நாம் தமிழர் கட்சி)/ Seeman (NTK),நாம் தமிழர் கட்சி/ Naam Tamilar Katch(NTK),Vanniyar,31-40,ஆண்/Male,பணியாளர்/ Employee
SYN-0082,https://example.com/synthetic-audio/SYN-0082.mp3,"வணக்கம் அம்மா, இரண்டு நிமிஷம் பேசலாமா? இது ஒரு சர்வே. எம்.எல்.ஏ வேலை பரவாயில்லை, அடிக்கடி ஏரியாவுக்கு வருவார். Drainage overflow every monsoon, health issue for kids. இப்போ இருக்குற ஆட்சியே போதும், மாற்றம் தேவையில்லை. I like Vijay, new face, youngsters support him. நன்றி.",Done,100.0,Correctly Done,திருப்தி/ Satisfied,"இல்லை, மாற்றம் தேவையில்லை/ No, don’t need a change",விஜய் (தமிழகம் வெற்றி கழகம்)/ Vijay (TVK),அதிமுக கூட்டணி/ AIADMK Alliance,Mudaliyar,18-30,பெண்/Female,மற்றவை/ Others
SYN-0083,https://example.com/synthetic-audio/SYN-0083.mp3,"Hello sir, oru small survey, few questions mattum. எம்.எல்.ஏ இங்க வந்ததே இல்லை, எந்த வேலையும் நடக்கல. மகளிர் உரிமைத் தொகை கிடைக்குது, அது உதவியா இருக்கு. Not decided yet, will see closer to election. Seeman speaks for Tamil people, I support NTK. நன்றி.",Pending,,No comment,திருப்தியில்லை/ Not Satisfied,உறுதி இல்லை/ Not sure,சீமான் (நாம் தமிழர் கட்சி)/ Seeman (NTK),திமுக கூட்டணி/ DMK Alliance,Linguistic Minority,41-60,ஆண்/Male,சொந்த தொழில் / சுயதொழில் செய்பவர்/ Self Employed/Business
SYN-0084,https://example.com/synthetic-audio/SYN-0084.mp3,"Hello sir, oru small survey, few questions mattum. MLA work okay, he came during the rain time. The road near the bus stop is a big problem, please fix it. Youth need jobs, factories should come to this area. No change needed, current government is okay. யாரு வந்தாலும் ஒண்ணுதான், வேலை செய்யணும் அவ்வளவுதான். நன்றி.",Pending,,No comment,திருப்தி/ Satisfied,"இல்லை, மாற்றம் தேவையில்லை/ No, don’t need a change",மற்றவர்கள்/ Others,மற்றவர்கள்/ Others,Linguistic Minority,31-40,பெண்/Female,கூலி தொழில்/ Daily Wage
SYN-0085,https://example.com/synthetic-audio/SYN-0085.mp3,"Hello sir, oru small survey, few questions mattum. MLA work okay, he came during the rain time. Water supply is irregular, we buy cans every day. Fishermen need better harbour facilities and relief during ban period. விலைவாசி ரொம்ப ஏறிப்போச்சு, காய்கறி வாங்கவே கஷ்டம். இப்போ இருக்குற ஆட்சியே போதும், மாற்றம் தேவையில்லை. அடுத்த முதல்வரா விஜய் வரணும்னு நினைக்கிறேன், புதுசா ஒருத்தர் வேணும். நன்றி.",Done,80.0,Correctly Done,திருப்தி/ Satisfied,"இல்லை, மாற்றம் தேவையில்லை/ No, don’t need a change",விஜய் (தமிழகம் வெற்றி கழகம்)/ Vijay (TVK),தமிழகம் வெற்றி கழகம்/ Tamilaga Vettri Kazhagam(TVK),Nadars,31-40,பெண்/Female,கூலி தொழில்/ Daily Wage
SYN-0086,https://example.com/synthetic-audio/SYN-0086.mp3,"Hello sir, oru small survey, few questions mattum. எம்.எல்.ஏ வேலை பரவாயில்லை, அடிக்கடி ஏரியாவுக்கு வருவார். Gas cylinder price is too high for daily wage families. Youth need jobs, factories should come to this area. Yes, change venum this time. ஸ்டாலின் தான் தொடரணும், திட்டங்கள் நல்லா இருக்கு. நன்றி.",Done,90.0,Correctly Done,திருப்தி/ Satisfied,"ஆம், மாற்றம் தேவை/ Yes, need a change",மு.க. ஸ்டாலின் (திமுக)/ M.K. Stalin (DMK),திமுக கூட்டணி/ DMK Alliance,Linguistic Minority,31-40,ஆண்/Male,சொந்த தொழில் / சுயதொழில் செய்பவர்/ Self Employed/Business
SYN-0087,https://example.com/synthetic-audio/SYN-0087.mp3,"வணக்கம் அம்மா, இரண்டு நிமிஷம் பேசலாமா? இது ஒரு சர்வே. எம்.எல்.ஏ வேலை பரவாயில்லை, அடிக்கடி ஏரியாவுக்கு வருவார். Gas cylinder price is too high for daily wage families. No change needed, current government is okay. Anyone is fine, they should just do the work. நன்றி.",Pending,,No comment,திருப்தி/ Satisfied,"இல்லை, மாற்றம் தேவையில்லை/ No, don’t need a change",மற்றவர்கள்/ Others,மற்றவர்கள்/ Others,Fisherman,31-40,ஆண்/Male,மாணவர்/ Student
SYN-0088,https://example.com/synthetic-audio/SYN-0088.mp3,"வணக்கம் அம்மா, இரண்டு நிமிஷம் பேசலாமா? இது ஒரு சர்வே. கொஞ்சம் வேலை நடந்திருக்கு, ஆனா இன்னும் நிறைய செய்யணும். அரசு மருத்துவமனையில் டாக்டர் குறைவு, காத்திருக்கணும். Drainage overflow every monsoon, health issue for kids. ஆமாம், இந்த தடவை மாற்றம் வேணும். ஸ்டாலின் தான் தொடரணும், திட்டங்கள் நல்லா இருக்கு. நன்றி, வணக்கம்.",Pending,,No comment,மேம்பாடு தேவை/ Needs improvement,"ஆம், மாற்றம் தேவை/ Yes, need a change",மு.க. ஸ்டாலின் (திமுக)/ M.K. Stalin (DMK),திமுக கூட்டணி/ DMK Alliance,Nadars,31-40,ஆண்/Male,இல்லத்தரசி/ Housewife
SYN-0089,https://example.com/synthetic-audio/SYN-0089.mp3,"Hello sir, oru small survey, few questions mattum. MLA-va paathathe illa, no work happened here. Fishermen need better harbour facilities and relief during ban period. இளைஞர்களுக்கு வேலை வாய்ப்பு இல்லை, அதுதான் முக்கிய கோரிக்கை. அரசு மருத்துவமனையில் டாக்டர் குறைவு, காத்திருக்கணும். இப்போ இருக்குற ஆட்சியே போதும், மாற்றம் தேவையில்லை. ஸ்டாலின் தான் தொடரணும், திட்டங்கள் நல்லா இருக்கு. நன்றி.",Done,90.0,Correctly Done,திருப்தியில்லை/ Not Satisfied,"இல்லை, மாற்றம் தேவையில்லை/ No, don’t need a change",மு.க. ஸ்டாலின் (திமுக)/ M.K. Stalin (DMK),திமுக கூட்டணி/ DMK Alliance,ST,41-60,ஆண்/Male,சொந்த தொழில் / சுயதொழில் செய்பவர்/ Self Employed/Business
SYN-0090,https://example.com/synthetic-audio/SYN-0090.mp3,"Hello sir, oru small survey, few questions mattum. MLA work okay, he came during the rain time. மகளிர் உரிமைத் தொகை கிடைக்குது, அது உதவியா இருக்கு. ரோடு போட்டு இரண்டு வருஷம் ஆச்சு, மறுபடியும் பள்ளம் ஆயிடுச்சு. ஆமாம், இந்த தடவை மாற்றம் வேணும். எடப்பாடி ஆட்சி காலத்துல நல்லா இருந்துச்சு. நன்றி, வணக்கம்.",Done,90.0,Correctly Done,திருப்தி/ Satisfied,"ஆம், மாற்றம் தேவை/ Yes, need a change",எடப்பாடி கே. பழனிசாமி (அதிமுக)/ Edappadi K. Palaniswami (AIADMK),திமுக கூட்டணி/ DMK Alliance,Vanniyar,18-30,பெண்/Female,மாணவர்/ Student
SYN-0091,https://example.com/synthetic-audio/SYN-0091.mp3,"வணக்கம் அம்மா, இரண்டு நிமிஷம் பேசலாமா? இது ஒரு சர்வே. கொஞ்சம் வேலை நடந்திருக்கு, ஆனா இன்னும் நிறைய செய்யணும். இலவச பஸ் பயணம் பெண்களுக்கு நல்ல திட்டம். அரசு மருத்துவமனையில் டாக்டர் குறைவு, காத்திருக்கணும். The road near the bus stop is a big problem, please fix it. ஆமாம், இந்த தடவை மாற்றம் வேணும். அடுத்த முதல்வரா விஜய் வரணும்னு நினைக்கிறேன், புதுசா ஒருத்தர் வேணும். சரி, நன்றி அம்மா.",Done,90.0,Correctly Done,மேம்பாடு தேவை/ Needs improvement,"ஆம், மாற்றம் தேவை/ Yes, need a change",விஜய் (தமிழகம் வெற்றி கழகம்)/ Vijay (TVK),தமிழகம் வெற்றி கழகம்/ Tamilaga Vettri Kazhagam(TVK),Linguistic Minority,18-30,ஆண்/Male,மற்றவை/ Others
SYN-0092,https://example.com/synthetic-audio/SYN-0092.mp3,"வணக்கம், நாங்க ஒரு கருத்துக்கணிப்பு செய்கிறோம், சில கேள்விகள் கேட்கலாமா? Some work done, but still lot of improvement needed. Gas cylinder price is too high for daily wage families. Youth need jobs, factories should come to this area. Yes, change venum this time. ஸ்டாலின் தான் தொடரணும், திட்டங்கள் நல்லா இருக்கு. நன்றி, வணக்கம்.",Done,90.0,Correctly Done,மேம்பாடு தேவை/ Needs improvement,"ஆம், மாற்றம் தேவை/ Yes, need a change",மு.க. ஸ்டாலின் (திமுக)/ M.K. Stalin (DMK),திமுக கூட்டணி/ DMK Alliance,DONT SAY,41-60,ஆண்/Male,கூலி தொழில்/ Daily Wage
SYN-0093,https://example.com/synthetic-audio/SYN-0093.mp3,"வணக்கம், நாங்க ஒரு கருத்துக்கணிப்பு செய்கிறோம், சில கேள்விகள் கேட்கலாமா? MLA work okay, he came during the rain time. குடிநீர் வாரத்துக்கு இரண்டு நாள் தான் வருது, அது பெரிய பிரச்சனை. The road near the bus stop is a big problem, please fix it. இளைஞர்களுக்கு வேலை வாய்ப்பு இல்லை, அதுதான் முக்கிய கோரிக்கை. Not decided yet, will see closer to election. ஸ்டாலின் தான் தொடரணும், திட்டங்கள் நல்லா இருக்கு. நன்றி, வணக்கம்.",Done,95.0,Correctly Done,திருப்தி/ Satisfied,உறுதி இல்லை/ Not sure,மு.க. ஸ்டாலின் (திமுக)/ M.K. Stalin (DMK),திமுக கூட்டணி/ DMK Alliance,ST,41-60,பெண்/Female,கூலி தொழில்/ Daily Wage
SYN-0094,https://example.com/synthetic-audio/SYN-0094.mp3,"வணக்கம் அம்மா, இரண்டு நிமிஷம் பேசலாமா? இது ஒரு சர்வே. MLA work okay, he came during the rain time. Fishermen need better harbour facilities and relief during ban period. கழிவுநீர் கால்வாய் அடைச்சு கிடக்கு, கொசு தொல்லை அதிகம். இப்போ இருக்குற ஆட்சியே போதும், மாற்றம் தேவையில்லை. I like Vijay, new face, youngsters support him. நன்றி.",Done,100.0,Correctly Done,திருப்தி/ Satisfied,"இல்லை, மாற்றம் தேவையில்லை/ No, don’t need a change",விஜய் (தமிழகம் வெற்றி கழகம்)/ Vijay (TVK),தமிழகம் வெற்றி கழகம்/ Tamilaga Vettri Kazhagam(TVK),Fisherman,18-30,ஆண்/Male,சொந்த தொழில் / சுயதொழில் செய்பவர்/ Self Employed/Business
SYN-0095,https://example.com/synthetic-audio/SYN-0095.mp3,"வணக்கம் அம்மா, இரண்டு நிமிஷம் பேசலாமா? இது ஒரு சர்வே. எம்.எல்.ஏ வேலை பரவாயில்லை, அடிக்கடி ஏரியாவுக்கு வருவார். Youth need jobs, factories should come to this area. கழிவுநீர் கால்வாய் அடைச்சு கிடக்கு, கொசு தொல்லை அதிகம். இலவச பஸ் பயணம் பெண்களுக்கு நல்ல திட்டம். Yes, change venum this time. அடுத்த முதல்வரா விஜய் வரணும்னு நினைக்கிறேன், புதுசா ஒருத்தர் வேணும். நன்றி.",Done,95.0,Correctly Done,திருப்தி/ Satisfied,"ஆம், மாற்றம் தேவை/ Yes, need a change",விஜய் (தமிழகம் வெற்றி கழகம்)/ Vijay (TVK),அதிமுக கூட்டணி/ AIADMK Alliance,DONT SAY,41-60,ஆண்/Male,கூலி தொழில்/ Daily Wage
SYN-0096,https://example.com/synthetic-audio/SYN-0096.mp3,"வணக்கம் அம்மா, இரண்டு நிமிஷம் பேசலாமா? இது ஒரு சர்வே. Some work done, but still lot of improvement needed. கழிவுநீர் கால்வாய் அடைச்சு கிடக்கு, கொசு தொல்லை அதிகம். மகளிர் உரிமைத் தொகை கிடைக்குது, அது உதவியா இருக்கு. இளைஞர்களுக்கு வேலை வாய்ப்பு இல்லை, அதுதான் முக்கிய கோரிக்கை. No change needed, current government is okay. Seeman speaks for Tamil people, I support NTK. Thank you sir.",Done,90.0,Correctly Done,மேம்பாடு தேவை/ Needs improvement,"இல்லை, மாற்றம் தேவையில்லை/ No, don’t need a change",சீமான் (நாம் தமிழர் கட்சி)/ Seeman (NTK),நாம் தமிழர் கட்சி/ Naam Tamilar Katch(NTK),Nadars,41-60,ஆண்/Male,கூலி தொழில்/ Daily Wage
SYN-0097,https://example.com/synthetic-audio/SYN-0097.mp3,"Hello sir, oru small survey, few questions mattum. Some work done, but still lot of improvement needed. மகளிர் உரிமைத் தொகை கிடைக்குது, அது உதவியா இருக்கு. Fishermen need better harbour facilities and relief during ban period. விலைவாசி ரொம்ப ஏறிப்போச்சு, காய்கறி வாங்கவே கஷ்டம். No change needed, current government is okay. சீமான் பேசுறது சரியா இருக்கு, தமிழ் உணர்வு முக்கியம். Thank you sir.",Pending,,No comment,மேம்பாடு தேவை/ Needs improvement,"இல்லை, மாற்றம் தேவையில்லை/ No, don’t need a change",சீமான் (நாம் தமிழர் கட்சி)/ Seeman (NTK),நாம் தமிழர் கட்சி/ Naam Tamilar Katch(NTK),Muslim,41-60,பெண்/Female,கூலி தொழில்/ Daily Wage
SYN-0098,https://example.com/synthetic-audio/SYN-0098.mp3,"Hello sir, oru small survey, few questions mattum. Some work done, but still lot of improvement needed. Drainage overflow every monsoon, health issue for kids. Water supply is irregular, we buy cans every day. இளைஞர்களுக்கு வேலை வாய்ப்பு இல்லை, அதுதான் முக்கிய கோரிக்கை. No change needed, current government is okay. ஸ்டாலின் தான் தொடரணும், திட்டங்கள் நல்லா இருக்கு. நன்றி.",Pending,,No comment,மேம்பாடு தேவை/ Needs improvement,"இல்லை, மாற்றம் தேவையில்லை/ No, don’t need a change",மு.க. ஸ்டாலின் (திமுக)/ M.K. Stalin (DMK),திமுக கூட்டணி/ DMK Alliance,Linguistic Minority,18-30,பெண்/Female,சொந்த தொழில் / சுயதொழில் செய்பவர்/ Self Employed/Business
SYN-0099,https://example.com/synthetic-audio/SYN-0099.mp3,"Hello sir, oru small survey, few questions mattum. MLA-va paathathe illa, no work happened here. The road near the bus stop is a big problem, please fix it. Ration shop is fine but queue is very long. ஆமாம், இந்த தடவை மாற்றம் வேணும். ஸ்டாலின் தான் தொடரணும், திட்டங்கள் நல்லா இருக்கு. சரி, நன்றி அம்மா.",Pending,,No comment,திருப்தியில்லை/ Not Satisfied,"ஆம், மாற்றம் தேவை/ Yes, need a change",மு.க. ஸ்டாலின் (திமுக)/ M.K. Stalin (DMK),திமுக கூட்டணி/ DMK Alliance,Fisherman,31-40,பெண்/Female,கூலி தொழில்/ Daily Wage
SYN-0100,https://example.com/synthetic-audio/SYN-0100.mp3,"வணக்கம், நாங்க ஒரு கருத்துக்கணிப்பு செய்கிறோம், சில கேள்விகள் கேட்கலாமா? எம்.எல்.ஏ இங்க வந்ததே இல்லை, எந்த வேலையும் நடக்கல. Gas cylinder price is too high for daily wage families. மகளிர் உரிமைத் தொகை கிடைக்குது, அது உதவியா இருக்கு. இப்போ இருக்குற ஆட்சியே போதும், மாற்றம் தேவையில்லை. அடுத்த முதல்வரா விஜய் வரணும்னு நினைக்கிறேன், புதுசா ஒருத்தர் வேணும். Thank you sir.",Pending,,No comment,திருப்தியில்லை/ Not Satisfied,"இல்லை, மாற்றம் தேவையில்லை/ No, don’t need a change",விஜய் (தமிழகம் வெற்றி கழகம்)/ Vijay (TVK),தமிழகம் வெற்றி கழகம்/ Tamilaga Vettri Kazhagam(TVK),Nadars,31-40,ஆண்/Male,கூலி தொழில்/ Daily Wage
SYN-0101,https://example.com/synthetic-audio/SYN-0101.mp3,"Hello sir, oru small survey, few questions mattum. எம்.எல்.ஏ வேலை பரவாயில்லை, அடிக்கடி ஏரியாவுக்கு வருவார். குடிநீர் வாரத்துக்கு இரண்டு நாள் தான் வருது, அது பெரிய பிரச்சனை. Gas cylinder price is too high for daily wage families. இலவச பஸ் பயணம் பெண்களுக்கு நல்ல திட்டம். Yes, change venum this time. அடுத்த முதல்வரா விஜய் வரணும்னு நினைக்கிறேன், புதுசா ஒருத்தர் வேணும். சரி, நன்றி அம்மா.",Done,100.0,Correctly Done,திருப்தி/ Satisfied,"ஆம், மாற்றம் தேவை/ Yes, need a change",விஜய் (தமிழகம் வெற்றி கழகம்)/ Vijay (TVK),தமிழகம் வெற்றி கழகம்/ Tamilaga Vettri Kazhagam(TVK),Fisherman,18-30,பெண்/Female,இல்லத்தரசி/ Housewife
SYN-0102,https://example.com/synthetic-audio/SYN-0102.mp3,"வணக்கம் அம்மா, இரண்டு நிமிஷம் பேசலாமா? இது ஒரு சர்வே. எம்.எல்.ஏ வேலை பரவாயில்லை, அடிக்கடி ஏரியாவுக்கு வருவார். மீன்பிடி துறைமுகம் சரியா பராமரிக்கப்படல, படகு நிறுத்த இடம் இல்லை. அரசு மருத்துவமனையில் டாக்டர் குறைவு, காத்திருக்கணும். Drainage overflow every monsoon, health issue for kids. Yes, change venum this time. Stalin is doing okay, schemes are useful for us. Thank you sir.",Pending,,No comment,திருப்தி/ Satisfied,"ஆம், மாற்றம் தேவை/ Yes, need a change",மு.க. ஸ்டாலின் (திமுக)/ M.K. Stalin (DMK),திமுக கூட்டணி/ DMK Alliance,Nadars,41-60,ஆண்/Male,இல்லத்தரசி/ Housewife
SYN-0103,https://example.com/synthetic-audio/SYN-0103.mp3,"Hello sir, oru small survey, few questions mattum. கொஞ்சம் வேலை நடந்திருக்கு, ஆனா இன்னும் நிறைய செய்யணும். மகளிர் உரிமைத் தொகை கிடைக்குது, அது உதவியா இருக்கு. கழிவுநீர் கால்வாய் அடைச்சு கிடக்கு, கொசு தொல்லை அதிகம். Yes, change venum this time. எடப்பாடி ஆட்சி காலத்துல நல்லா இருந்துச்சு. நன்றி, வணக்கம்.",Pending,,No comment,மேம்பாடு தேவை/ Needs improvement,"ஆம், மாற்றம் தேவை/ Yes, need a change",எடப்பாடி கே. பழனிசாமி (அதிமுக)/ Edappadi K. Palaniswami (AIADMK),அதிமுக கூட்டணி/ AIADMK Alliance,SC,31-40,பெண்/Female,இல்லத்தரசி/ Housewife
SYN-0104,https://example.com/synthetic-audio/SYN-0104.mp3,"Hello sir, oru small survey, few questions mattum. கொஞ்சம் வேலை நடந்திருக்கு, ஆனா இன்னும் நிறைய செய்யணும். Gas cylinder price is too high for daily wage families. Youth need jobs, factories should come to this area. No change needed, current government is okay. எடப்பாடி ஆட்சி காலத்துல நல்லா இருந்துச்சு. Thank you sir.",Done,80.0,Correctly Done,மேம்பாடு தேவை/ Needs improvement,"இல்லை, மாற்றம் தேவையில்லை/ No, don’t need a change",எடப்பாடி கே. பழனிசாமி (அதிமுக)/ Edappadi K. Palaniswami (AIADMK),மற்றவர்கள்/ Others,Fisherman,41-60,ஆண்/Male,கூலி தொழில்/ Daily Wage
SYN-0105,https://example.com/synthetic-audio/SYN-0105.mp3,"Hello sir, oru small survey, few questions mattum. MLA work okay, he came during the rain time. இளைஞர்களுக்கு வேலை வாய்ப்பு இல்லை, அதுதான் முக்கிய கோரிக்கை. Yes, change venum this time. ஸ்டாலின் தான் தொடரணும், திட்டங்கள் நல்லா இருக்கு. நன்றி.",Done,100.0,Correctly Done,திருப்தி/ Satisfied,"ஆம், மாற்றம் தேவை/ Yes, need a change",மு.க. ஸ்டாலின் (திமுக)/ M.K. Stalin (DMK),திமுக கூட்டணி/ DMK Alliance,Muslim,31-40,பெண்/Female,மாணவர்/ Student
SYN-0106,https://example.com/synthetic-audio/SYN-0106.mp3,"வணக்கம், நாங்க ஒரு கருத்துக்கணிப்பு செய்கிறோம், சில கேள்விகள் கேட்கலாமா? எம்.எல்.ஏ இங்க வந்ததே இல்லை, எந்த வேலையும் நடக்கல. Fishermen need better harbour facilities and relief during ban period. இப்போ இருக்குற ஆட்சியே போதும், மாற்றம் தேவையில்லை. ஸ்டாலின் தான் தொடரணும், திட்டங்கள் நல்லா இருக்கு. Thank you sir.",Done,90.0,Correctly Done,திருப்தியில்லை/ Not Satisfied,"இல்லை, மாற்றம் தேவையில்லை/ No, don’t need a change",மு.க. ஸ்டாலின் (திமுக)/ M.K. Stalin (DMK),திமுக கூட்டணி/ DMK Alliance,Vanniyar,41-60,ஆண்/Male,இல்லத்தரசி/ Housewife
SYN-0107,https://example.com/synthetic-audio/SYN-0107.mp3,"வணக்கம் அம்மா, இரண்டு நிமிஷம் பேசலாமா? இது ஒரு சர்வே. MLA-va paathathe illa, no work happened here. Fishermen need better harbour facilities and relief during ban period. அரசு மருத்துவமனையில் டாக்டர் குறைவு, காத்திருக்கணும். இலவச பஸ் பயணம் பெண்களுக்கு நல்ல திட்டம். Yes, change venum this time. அடுத்த முதல்வரா விஜய் வரணும்னு நினைக்கிறேன், புதுசா ஒருத்தர் வேணும். Thank you sir.",Pending,,No comment,திருப்தியில்லை/ Not Satisfied,"ஆம், மாற்றம் தேவை/ Yes, need a change",விஜய் (தமிழகம் வெற்றி கழகம்)/ Vijay (TVK),தமிழகம் வெற்றி கழகம்/ Tamilaga Vettri Kazhagam(TVK),Muslim,31-40,ஆண்/Male,மற்றவை/ Others
SYN-0108,https://example.com/synthetic-audio/SYN-0108.mp3,"வணக்கம் அம்மா, இரண்டு நிமிஷம் பேசலாமா? இது ஒரு சர்வே. கொஞ்சம் வேலை நடந்திருக்கு, ஆனா இன்னும் நிறைய செய்யணும். Drainage overflow every monsoon, health issue for kids. Youth need jobs, factories should come to this area. இன்னும் முடிவு பண்ணல, பார்க்கலாம். எடப்பாடி ஆட்சி காலத்துல நல்லா இருந்துச்சு. நன்றி.",Done,90.0,Correctly Done,மேம்பாடு தேவை/ Needs improvement,உறுதி இல்லை/ Not sure,எடப்பாடி கே. பழனிசாமி (அதிமுக)/ Edappadi K. Palaniswami (AIADMK),அதிமுக கூட்டணி/ AIADMK Alliance,Mudaliyar,60+,ஆண்/Male,இல்லத்தரசி/ Housewife
SYN-0109,https://example.com/synthetic-audio/SYN-0109.mp3,"Hello sir, oru small survey, few questions mattum. எம்.எல்.ஏ வேலை பரவாயில்லை, அடிக்கடி ஏரியாவுக்கு வருவார். இலவச பஸ் பயணம் பெண்களுக்கு நல்ல திட்டம். விலைவாசி ரொம்ப ஏறிப்போச்சு, காய்கறி வாங்கவே கஷ்டம். இப்போ இருக்குற ஆட்சியே போதும், மாற்றம் தேவையில்லை. Anyone is fine, they should just do the work. சரி, நன்றி அம்மா.",Pending,,No comment,திருப்தி/ Satisfied,"இல்லை, மாற்றம் தேவையில்லை/ No, don’t need a change",மற்றவர்கள்/ Others,மற்றவர்கள்/ Others,Muslim,18-30,ஆண்/Male,இல்லத்தரசி/ Housewife
SYN-0110,https://example.com/synthetic-audio/SYN-0110.mp3,,Done,10.0,Fake Audio/Empty Audio,மேம்பாடு தேவை/ Needs improvement,"ஆம், மாற்றம் தேவை/ Yes, need a change",மற்றவர்கள்/ Others,மற்றவர்கள்/ Others,Fisherman,18-30,பெண்/Female,இல்லத்தரசி/ Housewife
SYN-0111,https://example.com/synthetic-audio/SYN-0111.mp3,"வணக்கம் அம்மா, இரண்டு நிமிஷம் பேசலாமா? இது ஒரு சர்வே. எம்.எல்.ஏ வேலை பரவாயில்லை, அடிக்கடி ஏரியாவுக்கு வருவார். Primary health centre needs more staff and medicines. விலைவாசி ரொம்ப ஏறிப்போச்சு, காய்கறி வாங்கவே கஷ்டம். எங்க தெரு சாலை ரொம்ப மோசம், மழை வந்தா நடக்கவே முடியாது. Yes, change venum this time. எடப்பாடி ஆட்சி காலத்துல நல்லா இருந்துச்சு. நன்றி.",Pending,,No comment,திருப்தி/ Satisfied,"ஆம், மாற்றம் தேவை/ Yes, need a change",எடப்பாடி கே. பழனிசாமி (அதிமுக)/ Edappadi K. Palaniswami (AIADMK),அதிமுக கூட்டணி/ AIADMK Alliance,Vanniyar,31-40,ஆண்/Male,கூலி தொழில்/ Daily Wage
SYN-0112,https://example.com/synthetic-audio/SYN-0112.mp3,"வணக்கம், நாங்க ஒரு கருத்துக்கணிப்பு செய்கிறோம், சில கேள்விகள் கேட்கலாமா? MLA work okay, he came during the rain time. கழிவுநீர் கால்வாய் அடைச்சு கிடக்கு, கொசு தொல்லை அதிகம். இப்போ இருக்குற ஆட்சியே போதும், மாற்றம் தேவையில்லை. அடுத்த முதல்வரா விஜய் வரணும்னு நினைக்கிறேன், புதுசா ஒருத்தர் வேணும். நன்றி, வணக்கம்.",Done,90.0,Correctly Done,திருப்தி/ Satisfied,"இல்லை, மாற்றம் தேவையில்லை/ No, don’t need a change",விஜய் (தமிழகம் வெற்றி கழகம்)/ Vijay (TVK),தமிழகம் வெற்றி கழகம்/ Tamilaga Vettri Kazhagam(TVK),SC,41-60,பெண்/Female,கூலி தொழில்/ Daily Wage
SYN-0113,https://example.com/synthetic-audio/SYN-0113.mp3,ஹலோ... ஹலோ...,Done,10.0,Fake Audio/Empty Audio,மேம்பாடு தேவை/ Needs improvement,உறுதி இல்லை/ Not sure,விஜய் (தமிழகம் வெற்றி கழகம்)/ Vijay (TVK),மற்றவர்கள்/ Others,Fisherman,31-40,ஆண்/Male,கூலி தொழில்/ Daily Wage
SYN-0114,https://example.com/synthetic-audio/SYN-0114.mp3,"வணக்கம் அம்மா, இரண்டு நிமிஷம் பேசலாமா? இது ஒரு சர்வே. கொஞ்சம் வேலை நடந்திருக்கு, ஆனா இன்னும் நிறைய செய்யணும். Drainage overflow every monsoon, health issue for kids. ஆமாம், இந்த தடவை மாற்றம் வேணும். அடுத்த முதல்வரா விஜய் வரணும்னு நினைக்கிறேன், புதுசா ஒருத்தர் வேணும். சரி, நன்றி அம்மா.",Done,95.0,Correctly Done,மேம்பாடு தேவை/ Needs improvement,"ஆம், மாற்றம் தேவை/ Yes, need a change",விஜய் (தமிழகம் வெற்றி கழகம்)/ Vijay (TVK),தமிழகம் வெற்றி கழகம்/ Tamilaga Vettri Kazhagam(TVK),ST,18-30,ஆண்/Male,கூலி தொழில்/ Daily Wage
SYN-0115,https://example.com/synthetic-audio/SYN-0115.mp3,"வணக்கம் அம்மா, இரண்டு நிமிஷம் பேசலாமா? இது ஒரு சர்வே. எம்.எல்.ஏ இங்க வந்ததே இல்லை, எந்த வேலையும் நடக்கல. மகளிர் உரிமைத் தொகை கிடைக்குது, அது உதவியா இருக்கு. கழிவுநீர் கால்வாய் அடைச்சு கிடக்கு, கொசு தொல்லை அதிகம். இப்போ இருக்குற ஆட்சியே போதும், மாற்றம் தேவையில்லை. எடப்பாடி ஆட்சி காலத்துல நல்லா இருந்துச்சு. சரி, நன்றி அம்மா.",Pending,,No comment,திருப்தியில்லை/ Not Satisfied,"இல்லை, மாற்றம் தேவையில்லை/ No, don’t need a change",எடப்பாடி கே. பழனிசாமி (அதிமுக)/ Edappadi K. Palaniswami (AIADMK),அதிமுக கூட்டணி/ AIADMK Alliance,Vanniyar,60+,ஆண்/Male,சொந்த தொழில் / சுயதொழில் செய்பவர்/ Self Employed/Business
SYN-0116,https://example.com/synthetic-audio/SYN-0116.mp3,"Hello sir, oru small survey, few questions mattum. MLA-va paathathe illa, no work happened here. The road near the bus stop is a big problem, please fix it. No change needed, current government is okay. எடப்பாடி ஆட்சி காலத்துல நல்லா இருந்துச்சு. நன்றி.",Pending,,No comment,திருப்தியில்லை/ Not Satisfied,"இல்லை, மாற்றம் தேவையில்லை/ No, don’t need a change",எடப்பாடி கே. பழனிசாமி (அதிமுக)/ Edappadi K. Palaniswami (AIADMK),அதிமுக கூட்டணி/ AIADMK Alliance,Fisherman,41-60,ஆண்/Male,இல்லத்தரசி/ Housewife
SYN-0117,https://example.com/synthetic-audio/SYN-0117.mp3,"வணக்கம் அம்மா, இரண்டு நிமிஷம் பேசலாமா? இது ஒரு சர்வே. எம்.எல்.ஏ வேலை பரவாயில்லை, அடிக்கடி ஏரியாவுக்கு வருவார். இலவச பஸ் பயணம் பெண்களுக்கு நல்ல திட்டம். அரசு மருத்துவமனையில் டாக்டர் குறைவு, காத்திருக்கணும். இப்போ இருக்குற ஆட்சியே போதும், மாற்றம் தேவையில்லை. எடப்பாடி ஆட்சி காலத்துல நல்லா இருந்துச்சு. சரி, நன்றி அம்மா.",Pending,,No comment,திருப்தி/ Satisfied,"இல்லை, மாற்றம் தேவையில்லை/ No, don’t need a change",எடப்பாடி கே. பழனிசாமி (அதிமுக)/ Edappadi K. Palaniswami (AIADMK),அதிமுக கூட்டணி/ AIADMK Alliance,Fisherman,31-40,பெண்/Female,இல்லத்தரசி/ Housewife
SYN-0118,https://example.com/synthetic-audio/SYN-0118.mp3,"Hello sir, oru small survey, few questions mattum. MLA work okay, he came during the rain time. அரசு மருத்துவமனையில் டாக்டர் குறைவு, காத்திருக்கணும். Drainage overflow every monsoon, health issue for kids. Yes, change venum this time. Stalin is doing okay, schemes are useful for us. Thank you sir.",Pending,,No comment,திருப்தி/ Satisfied,"ஆம், மாற்றம் தேவை/ Yes, need a change",மு.க. ஸ்டாலின் (திமுக)/ M.K. Stalin (DMK),திமுக கூட்டணி/ DMK Alliance,Linguistic Minority,41-60,ஆண்/Male,சொந்த தொழில் / சுயதொழில் செய்பவர்/ Self Employed/Business
SYN-0119,https://example.com/synthetic-audio/SYN-0119.mp3,"Hello sir, oru small survey, few questions mattum. Some work done, but still lot of improvement needed. குடிநீர் வாரத்துக்கு இரண்டு நாள் தான் வருது, அது பெரிய பிரச்சனை. இப்போ இருக்குற ஆட்சியே போதும், மாற்றம் தேவையில்லை. AIADMK time was better for our area. Thank you sir.",Pending,,No comment,மேம்பாடு தேவை/ Needs improvement,"இல்லை, மாற்றம் தேவையில்லை/ No, don’t need a change",எடப்பாடி கே. பழனிசாமி (அதிமுக)/ Edappadi K. Palaniswami (AIADMK),அதிமுக கூட்டணி/ AIADMK Alliance,SC,41-60,ஆண்/Male,கூலி தொழில்/ Daily Wage
SYN-0120,https://example.com/synthetic-audio/SYN-0120.mp3,"Hello sir, oru small survey, few questions mattum. எம்.எல்.ஏ இங்க வந்ததே இல்லை, எந்த வேலையும் நடக்கல. The road near the bus stop is a big problem, please fix it. இப்போ இருக்குற ஆட்சியே போதும், மாற்றம் தேவையில்லை. AIADMK time was better for our area. சரி, நன்றி அம்மா.",Pending,,No comment,திருப்தியில்லை/ Not Satisfied,"இல்லை, மாற்றம் தேவையில்லை/ No, don’t need a change",எடப்பாடி கே. பழனிசாமி (அதிமுக)/ Edappadi K. Palaniswami (AIADMK),அதிமுக கூட்டணி/ AIADMK Alliance,Chettiyar,18-30,பெண்/Female,பணியாளர்/ Employee
SYN-0121,https://example.com/synthetic-audio/SYN-0121.mp3,"வணக்கம், நாங்க ஒரு கருத்துக்கணிப்பு செய்கிறோம், சில கேள்விகள் கேட்கலாமா? MLA-va paathathe illa, no work happened here. அரசு மருத்துவமனையில் டாக்டர் குறைவு, காத்திருக்கணும். இப்போ இருக்குற ஆட்சியே போதும், மாற்றம் தேவையில்லை. அடுத்த முதல்வரா விஜய் வரணும்னு நினைக்கிறேன், புதுசா ஒருத்தர் வேணும். நன்றி.",Pending,,No comment,திருப்தியில்லை/ Not Satisfied,"இல்லை, மாற்றம் தேவையில்லை/ No, don’t need a change",விஜய் (தமிழகம் வெற்றி கழகம்)/ Vijay (TVK),தமிழகம் வெற்றி கழகம்/ Tamilaga Vettri Kazhagam(TVK),Linguistic Minority,18-30,பெண்/Female,கூலி தொழில்/ Daily Wage
SYN-0122,https://example.com/synthetic-audio/SYN-0122.mp3,"வணக்கம் அம்மா, இரண்டு நிமிஷம் பேசலாமா? இது ஒரு சர்வே. எம்.எல்.ஏ வேலை பரவாயில்லை, அடிக்கடி ஏரியாவுக்கு வருவார். Ration shop is fine but queue is very long. கழிவுநீர் கால்வாய் அடைச்சு கிடக்கு, கொசு தொல்லை அதிகம். ஆமாம், இந்த தடவை மாற்றம் வேணும். I like Vijay, new face, youngsters support him. நன்றி.",Done,80.0,Correctly Done,திருப்தி/ Satisfied,"ஆம், மாற்றம் தேவை/ Yes, need a change",விஜய் (தமிழகம் வெற்றி கழகம்)/ Vijay (TVK),தமிழகம் வெற்றி கழகம்/ Tamilaga Vettri Kazhagam(TVK),Fisherman,31-40,பெண்/Female,கூலி தொழில்/ Daily Wage
SYN-0123,https://example.com/synthetic-audio/SYN-0123.mp3,"வணக்கம், நாங்க ஒரு கருத்துக்கணிப்பு செய்கிறோம், சில கேள்விகள் கேட்கலாமா? Some work done, but still lot of improvement needed. குடிநீர் வாரத்துக்கு இரண்டு நாள் தான் வருது, அது பெரிய பிரச்சனை. Youth need jobs, factories should come to this area. இப்போ இருக்குற ஆட்சியே போதும், மாற்றம் தேவையில்லை. அடுத்த முதல்வரா விஜய் வரணும்னு நினைக்கிறேன், புதுசா ஒருத்தர் வேணும். நன்றி.",Done,95.0,Correctly Done,மேம்பாடு தேவை/ Needs improvement,"இல்லை, மாற்றம் தேவையில்லை/ No, don’t need a change",விஜய் (தமிழகம் வெற்றி கழகம்)/ Vijay (TVK),தமிழகம் வெற்றி கழகம்/ Tamilaga Vettri Kazhagam(TVK),Mudaliyar,18-30,பெண்/Female,கூலி தொழில்/ Daily Wage
SYN-0124,https://example.com/synthetic-audio/SYN-0124.mp3,"வணக்கம் அம்மா, இரண்டு நிமிஷம் பேசலாமா? இது ஒரு சர்வே. Some work done, but still lot of improvement needed. மகளிர் உரிமைத் தொகை கிடைக்குது, அது உதவியா இருக்கு. The road near the bus stop is a big problem, please fix it. இப்போ இருக்குற ஆட்சியே போதும், மாற்றம் தேவையில்லை. அடுத்த முதல்வரா விஜய் வரணும்னு நினைக்கிறேன், புதுசா ஒருத்தர் வேணும். நன்றி.",Pending,,No comment,மேம்பாடு தேவை/ Needs improvement,"இல்லை, மாற்றம் தேவையில்லை/ No, don’t need a change",விஜய் (தமிழகம் வெற்றி கழகம்)/ Vijay (TVK),தமிழகம் வெற்றி கழகம்/ Tamilaga Vettri Kazhagam(TVK),Nadars,41-60,ஆண்/Male,சொந்த தொழில் / சுயதொழில் செய்பவர்/ Self Employed/Business
SYN-0125,https://example.com/synthetic-audio/SYN-0125.mp3,"வணக்கம் அம்மா, இரண்டு நிமிஷம் பேசலாமா? இது ஒரு சர்வே. எம்.எல்.ஏ வேலை பரவாயில்லை, அடிக்கடி ஏரியாவுக்கு வருவார். குடிநீர் வாரத்துக்கு இரண்டு நாள் தான் வருது, அது பெரிய பிரச்சனை. மீன்பிடி துறைமுகம் சரியா பராமரிக்கப்படல, படகு நிறுத்த இடம் இல்லை. விலைவாசி ரொம்ப ஏறிப்போச்சு, காய்கறி வாங்கவே கஷ்டம். Yes, change venum this time. ஸ்டாலின் தான் தொடரணும், திட்டங்கள் நல்லா இருக்கு. நன்றி, வணக்கம்.",Done,90.0,Correctly Done,திருப்தி/ Satisfied,"ஆம், மாற்றம் தேவை/ Yes, need a change",மு.க. ஸ்டாலின் (திமுக)/ M.K. Stalin (DMK),திமுக கூட்டணி/ DMK Alliance,ST,31-40,ஆண்/Male,பணியாளர்/ Employee
SYN-0126,https://example.com/synthetic-audio/SYN-0126.mp3,"வணக்கம் அம்மா, இரண்டு நிமிஷம் பேசலாமா? இது ஒரு சர்வே. MLA-va paathathe illa, no work happened here. Water supply is irregular, we buy cans every day. இளைஞர்களுக்கு வேலை வாய்ப்பு இல்லை, அதுதான் முக்கிய கோரிக்கை. அரசு மருத்துவமனையில் டாக்டர் குறைவு, காத்திருக்கணும். ஆமாம், இந்த தடவை மாற்றம் வேணும். சீமான் பேசுறது சரியா இருக்கு, தமிழ் உணர்வு முக்கியம். சரி, நன்றி அம்மா.",Done,95.0,Correctly Done,திருப்தியில்லை/ Not Satisfied,"ஆம், மாற்றம் தேவை/ Yes, need a change",சீமான் (நாம் தமிழர் கட்சி)/ Seeman (NTK),நாம் தமிழர் கட்சி/ Naam Tamilar Katch(NTK),Vanniyar,31-40,பெண்/Female,சொந்த தொழில் / சுயதொழில் செய்பவர்/ Self Employed/Business
SYN-0127,https://example.com/synthetic-audio/SYN-0127.mp3,"Hello sir, oru small survey, few questions mattum. எம்.எல்.ஏ இங்க வந்ததே இல்லை, எந்த வேலையும் நடக்கல. கழிவுநீர் கால்வாய் அடைச்சு கிடக்கு, கொசு தொல்லை அதிகம். இளைஞர்களுக்கு வேலை வாய்ப்பு இல்லை, அதுதான் முக்கிய கோரிக்கை. The road near the bus stop is a big problem, please fix it. ஆமாம், இந்த தடவை மாற்றம் வேணும். Seeman speaks for Tamil people, I support NTK. நன்றி.",Done,90.0,Correctly Done,திருப்தியில்லை/ Not Satisfied,"ஆம், மாற்றம் தேவை/ Yes, need a change",சீமான் (நாம் தமிழர் கட்சி)/ Seeman (NTK),நாம் தமிழர் கட்சி/ Naam Tamilar Katch(NTK),Vanniyar,41-60,பெண்/Female,சொந்த தொழில் / சுயதொழில் செய்பவர்/ Self Employed/Business
SYN-0128,https://example.com/synthetic-audio/SYN-0128.mp3,"வணக்கம், நாங்க ஒரு கருத்துக்கணிப்பு செய்கிறோம், சில கேள்விகள் கேட்கலாமா? எம்.எல்.ஏ வேலை பரவாயில்லை, அடிக்கடி ஏரியாவுக்கு வருவார். Youth need jobs, factories should come to this area. Not decided yet, will see closer to election. அடுத்த முதல்வரா விஜய் வரணும்னு நினைக்கிறேன், புதுசா ஒருத்தர் வேணும். சரி, நன்றி அம்மா.",Done,90.0,Correctly Done,திருப்தி/ Satisfied,உறுதி இல்லை/ Not sure,விஜய் (தமிழகம் வெற்றி கழகம்)/ Vijay (TVK),அதிமுக கூட்டணி/ AIADMK Alliance,Christian,18-30,பெண்/Female,இல்லத்தரசி/ Housewife
SYN-0129,https://example.com/synthetic-audio/SYN-0129.mp3,"வணக்கம், நாங்க ஒரு கருத்துக்கணிப்பு செய்கிறோம், சில கேள்விகள் கேட்கலாமா? MLA work okay, he came during the rain time. Gas cylinder price is too high for daily wage families. Water supply is irregular, we buy cans every day. Fishermen need better harbour facilities and relief during ban period. No change needed, current government is okay. I like Vijay, new face, youngsters support him. நன்றி.",Done,80.0,Correctly Done,திருப்தி/ Satisfied,"இல்லை, மாற்றம் தேவையில்லை/ No, don’t need a change",விஜய் (தமிழகம் வெற்றி கழகம்)/ Vijay (TVK),தமிழகம் வெற்றி கழகம்/ Tamilaga Vettri Kazhagam(TVK),Fisherman,18-30,ஆண்/Male,கூலி தொழில்/ Daily Wage
SYN-0130,https://example.com/synthetic-audio/SYN-0130.mp3,"Hello sir, oru small survey, few questions mattum. எம்.எல்.ஏ வேலை பரவாயில்லை, அடிக்கடி ஏரியாவுக்கு வருவார். Youth need jobs, factories should come to this area. Not decided yet, will see closer to election. I like Vijay, new face, youngsters support him. நன்றி, வணக்கம்.",Done,100.0,Correctly Done,திருப்தி/ Satisfied,உறுதி இல்லை/ Not sure,விஜய் (தமிழகம் வெற்றி கழகம்)/ Vijay (TVK),தமிழகம் வெற்றி கழகம்/ Tamilaga Vettri Kazhagam(TVK),Muslim,18-30,பெண்/Female,கூலி தொழில்/ Daily Wage
SYN-0131,https://example.com/synthetic-audio/SYN-0131.mp3,"Hello sir, oru small survey, few questions mattum. MLA work okay, he came during the rain time. ரோடு போட்டு இரண்டு வருஷம் ஆச்சு, மறுபடியும் பள்ளம் ஆயிடுச்சு. ஆமாம், இந்த தடவை மாற்றம் வேணும். I like Vijay, new face, youngsters support him. நன்றி.",Pending,,No comment,திருப்தி/ Satisfied,"ஆம், மாற்றம் தேவை/ Yes, need a change",விஜய் (தமிழகம் வெற்றி கழகம்)/ Vijay (TVK),தமிழகம் வெற்றி கழகம்/ Tamilaga Vettri Kazhagam(TVK),SC,60+,பெண்/Female,மாணவர்/ Student
SYN-0132,https://example.com/synthetic-audio/SYN-0132.mp3,"வணக்கம் அம்மா, இரண்டு நிமிஷம் பேசலாமா? இது ஒரு சர்வே. கொஞ்சம் வேலை நடந்திருக்கு, ஆனா இன்னும் நிறைய செய்யணும். கழிவுநீர் கால்வாய் அடைச்சு கிடக்கு, கொசு தொல்லை அதிகம். இளைஞர்களுக்கு வேலை வாய்ப்பு இல்லை, அதுதான் முக்கிய கோரிக்கை. மீன்பிடி துறைமுகம் சரியா பராமரிக்கப்படல, படகு நிறுத்த இடம் இல்லை. இப்போ இருக்குற ஆட்சியே போதும், மாற்றம் தேவையில்லை. AIADMK time was better for our area. நன்றி.",Pending,,No comment,மேம்பாடு தேவை/ Needs improvement,"இல்லை, மாற்றம் தேவையில்லை/ No, don’t need a change",எடப்பாடி கே. பழனிசாமி (அதிமுக)/ Edappadi K. Palaniswami (AIADMK),அதிமுக கூட்டணி/ AIADMK Alliance,Vanniyar,41-60,ஆண்/Male,கூலி தொழில்/ Daily Wage
SYN-0133,https://example.com/synthetic-audio/SYN-0133.mp3,"Hello sir, oru small survey, few questions mattum. MLA work okay, he came during the rain time. குடிநீர் வாரத்துக்கு இரண்டு நாள் தான் வருது, அது பெரிய பிரச்சனை. Gas cylinder price is too high for daily wage families. The road near the bus stop is a big problem, please fix it. Yes, change venum this time. எடப்பாடி ஆட்சி காலத்துல நல்லா இருந்துச்சு. சரி, நன்றி அம்மா.",Pending,,No comment,திருப்தி/ Satisfied,"ஆம், மாற்றம் தேவை/ Yes, need a change",எடப்பாடி கே. பழனிசாமி (அதிமுக)/ Edappadi K. Palaniswami (AIADMK),அதிமுக கூட்டணி/ AIADMK Alliance,Linguistic Minority,41-60,ஆண்/Male,மாணவர்/ Student
SYN-0134,https://example.com/synthetic-audio/SYN-0134.mp3,"வணக்கம் அம்மா, இரண்டு நிமிஷம் பேசலாமா? இது ஒரு சர்வே. கொஞ்சம் வேலை நடந்திருக்கு, ஆனா இன்னும் நிறைய செய்யணும். Drainage overflow every monsoon, health issue for kids. Youth need jobs, factories should come to this area. ஆமாம், இந்த தடவை மாற்றம் வேணும். யாரு வந்தாலும் ஒண்ணுதான், வேலை செய்யணும் அவ்வளவுதான். Thank you sir.",Done,95.0,Correctly Done,மேம்பாடு தேவை/ Needs improvement,"ஆம், மாற்றம் தேவை/ Yes, need a change",மற்றவர்கள்/ Others,மற்றவர்கள்/ Others,Linguistic Minority,18-30,ஆண்/Male,பணியாளர்/ Employee
SYN-0135,https://example.com/synthetic-audio/SYN-0135.mp3,"வணக்கம், நாங்க ஒரு கருத்துக்கணிப்பு செய்கிறோம், சில கேள்விகள் கேட்கலாமா? எம்.எல்.ஏ வேலை பரவாயில்லை, அடிக்கடி ஏரியாவுக்கு வருவார். கழிவுநீர் கால்வாய் அடைச்சு கிடக்கு, கொசு தொல்லை அதிகம். Water supply is irregular, we buy cans every day. Primary health centre needs more staff and medicines. No change needed, current government is okay. எடப்பாடி ஆட்சி காலத்துல நல்லா இருந்துச்சு. சரி, நன்றி அம்மா.",Pending,,No comment,திருப்தி/ Satisfied,"இல்லை, மாற்றம் தேவையில்லை/ No, don’t need a change",எடப்பாடி கே. பழனிசாமி (அதிமுக)/ Edappadi K. Palaniswami (AIADMK),அதிமுக கூட்டணி/ AIADMK Alliance,SC,60+,பெண்/Female,பணியாளர்/ Employee
SYN-0136,https://example.com/synthetic-audio/SYN-0136.mp3,"வணக்கம் அம்மா, இரண்டு நிமிஷம் பேசலாமா? இது ஒரு சர்வே. எம்.எல்.ஏ வேலை பரவாயில்லை, அடிக்கடி ஏரியாவுக்கு வருவார். Water supply is irregular, we buy cans every day. இப்போ இருக்குற ஆட்சியே போதும், மாற்றம் தேவையில்லை. அடுத்த முதல்வரா விஜய் வரணும்னு நினைக்கிறேன், புதுசா ஒருத்தர் வேணும். நன்றி.",Pending,,No comment,திருப்தி/ Satisfied,"இல்லை, மாற்றம் தேவையில்லை/ No, don’t need a change",விஜய் (தமிழகம் வெற்றி கழகம்)/ Vijay (TVK),தமிழகம் வெற்றி கழகம்/ Tamilaga Vettri Kazhagam(TVK),Chettiyar,18-30,ஆண்/Male,மாணவர்/ Student
SYN-0137,https://example.com/synthetic-audio/SYN-0137.mp3,"வணக்கம் அம்மா, இரண்டு நிமிஷம் பேசலாமா? இது ஒரு சர்வே. எம்.எல்.ஏ வேலை பரவாயில்லை, அடிக்கடி ஏரியாவுக்கு வருவார். கழிவுநீர் கால்வாய் அடைச்சு கிடக்கு, கொசு தொல்லை அதிகம். மகளிர் உரிமைத் தொகை கிடைக்குது, அது உதவியா இருக்கு. ஆமாம், இந்த தடவை மாற்றம் வேணும். AIADMK time was better for our area. நன்றி, வணக்கம்.",Pending,,No comment,திருப்தி/ Satisfied,"ஆம், மாற்றம் தேவை/ Yes, need a change",எடப்பாடி கே. பழனிசாமி (அதிமுக)/ Edappadi K. Palaniswami (AIADMK),அதிமுக கூட்டணி/ AIADMK Alliance,Fisherman,41-60,ஆண்/Male,மாணவர்/ Student
SYN-0138,https://example.com/synthetic-audio/SYN-0138.mp3,"Hello sir, oru small survey, few questions mattum. Some work done, but still lot of improvement needed. இலவச பஸ் பயணம் பெண்களுக்கு நல்ல திட்டம். Yes, change venum this time. I like Vijay, new face, youngsters support him. நன்றி, வணக்கம்.",Pending,,No comment,மேம்பாடு தேவை/ Needs improvement,"ஆம், மாற்றம் தேவை/ Yes, need a change",விஜய் (தமிழகம் வெற்றி கழகம்)/ Vijay (TVK),தமிழகம் வெற்றி கழகம்/ Tamilaga Vettri Kazhagam(TVK),DONT SAY,41-60,பெண்/Female,இல்லத்தரசி/ Housewife
SYN-0139,https://example.com/synthetic-audio/SYN-0139.mp3,"Hello sir, oru small survey, few questions mattum. எம்.எல்.ஏ இங்க வந்ததே இல்லை, எந்த வேலையும் நடக்கல. Fishermen need better harbour facilities and relief during ban period. அரசு மருத்துவமனையில் டாக்டர் குறைவு, காத்திருக்கணும். இளைஞர்களுக்கு வேலை வாய்ப்பு இல்லை, அதுதான் முக்கிய கோரிக்கை. ஆமாம், இந்த தடவை மாற்றம் வேணும். Stalin is doing okay, schemes are useful for us. சரி, நன்றி அம்மா.",Pending,,No comment,திருப்தியில்லை/ Not Satisfied,"ஆம், மாற்றம் தேவை/ Yes, need a change",மு.க. ஸ்டாலின் (திமுக)/ M.K. Stalin (DMK),திமுக கூட்டணி/ DMK Alliance,Vanniyar,31-40,பெண்/Female,கூலி தொழில்/ Daily Wage
SYN-0140,https://example.com/synthetic-audio/SYN-0140.mp3,"Hello sir, oru small survey, few questions mattum. கொஞ்சம் வேலை நடந்திருக்கு, ஆனா இன்னும் நிறைய செய்யணும். Water supply is irregular, we buy cans every day. No change needed, current government is okay. AIADMK time was better for our area. சரி, நன்றி அம்மா.",Done,95.0,Correctly Done,மேம்பாடு தேவை/ Needs improvement,"இல்லை, மாற்றம் தேவையில்லை/ No, don’t need a change",எடப்பாடி கே. பழனிசாமி (அதிமுக)/ Edappadi K. Palaniswami (AIADMK),அதிமுக கூட்டணி/ AIADMK Alliance,ST,31-40,பெண்/Female,கூலி தொழில்/ Daily Wage
SYN-0141,https://example.com/synthetic-audio/SYN-0141.mp3,"வணக்கம், நாங்க ஒரு கருத்துக்கணிப்பு செய்கிறோம், சில கேள்விகள் கேட்கலாமா? எம்.எல்.ஏ இங்க வந்ததே இல்லை, எந்த வேலையும் நடக்கல. மகளிர் உரிமைத் தொகை கிடைக்குது, அது உதவியா இருக்கு. Youth need jobs, factories should come to this area. No change needed, current government is okay. ஸ்டாலின் தான் தொடரணும், திட்டங்கள் நல்லா இருக்கு. நன்றி.",Done,100.0,Correctly Done,திருப்தியில்லை/ Not Satisfied,"இல்லை, மாற்றம் தேவையில்லை/ No, don’t need a change",மு.க. ஸ்டாலின் (திமுக)/ M.K. Stalin (DMK),திமுக கூட்டணி/ DMK Alliance,Vanniyar,31-40,பெண்/Female,சொந்த தொழில் / சுயதொழில் செய்பவர்/ Self Employed/Business
SYN-0142,https://example.com/synthetic-audio/SYN-0142.mp3,"வணக்கம் அம்மா, இரண்டு நிமிஷம் பேசலாமா? இது ஒரு சர்வே. எம்.எல்.ஏ வேலை பரவாயில்லை, அடிக்கடி ஏரியாவுக்கு வருவார். அரசு மருத்துவமனையில் டாக்டர் குறைவு, காத்திருக்கணும். Fishermen need better harbour facilities and relief during ban period. Gas cylinder price is too high for daily wage families. இப்போ இருக்குற ஆட்சியே போதும், மாற்றம் தேவையில்லை. அடுத்த முதல்வரா விஜய் வரணும்னு நினைக்கிறேன், புதுசா ஒருத்தர் வேணும். Thank you sir.",Done,90.0,Correctly Done,திருப்தி/ Satisfied,"இல்லை, மாற்றம் தேவையில்லை/ No, don’t need a change",விஜய் (தமிழகம் வெற்றி கழகம்)/ Vijay (TVK),தமிழகம் வெற்றி கழகம்/ Tamilaga Vettri Kazhagam(TVK),SC,31-40,பெண்/Female,இல்லத்தரசி/ Housewife
SYN-0143,https://example.com/synthetic-audio/SYN-0143.mp3,"வணக்கம், நாங்க ஒரு கருத்துக்கணிப்பு செய்கிறோம், சில கேள்விகள் கேட்கலாமா? எம்.எல்.ஏ இங்க வந்ததே இல்லை, எந்த வேலையும் நடக்கல. மகளிர் உரிமைத் தொகை கிடைக்குது, அது உதவியா இருக்கு. Water supply is irregular, we buy cans every day. Yes, change venum this time. I like Vijay, new face, youngsters support him. சரி, நன்றி அம்மா.",Done,90.0,Correctly Done,திருப்தியில்லை/ Not Satisfied,"ஆம், மாற்றம் தேவை/ Yes, need a change",விஜய் (தமிழகம் வெற்றி கழகம்)/ Vijay (TVK),தமிழகம் வெற்றி கழகம்/ Tamilaga Vettri Kazhagam(TVK),Fisherman,41-60,ஆண்/Male,பணியாளர்/ Employee
SYN-0144,https://example.com/synthetic-audio/SYN-0144.mp3,"Hello sir, oru small survey, few questions mattum. எம்.எல்.ஏ இங்க வந்ததே இல்லை, எந்த வேலையும் நடக்கல. Youth need jobs, factories should come to this area. Water supply is irregular, we buy cans every day. ரோடு போட்டு இரண்டு வருஷம் ஆச்சு, மறுபடியும் பள்ளம் ஆயிடுச்சு. இப்போ இருக்குற ஆட்சியே போதும், மாற்றம் தேவையில்லை. அடுத்த முதல்வரா விஜய் வரணும்னு நினைக்கிறேன், புதுசா ஒருத்தர் வேணும். சரி, நன்றி அம்மா.",Pending,,No comment,திருப்தியில்லை/ Not Satisfied,"இல்லை, மாற்றம் தேவையில்லை/ No, don’t need a change",விஜய் (தமிழகம் வெற்றி கழகம்)/ Vijay (TVK),திமுக கூட்டணி/ DMK Alliance,Fisherman,18-30,ஆண்/Male,இல்லத்தரசி/ Housewife
SYN-0145,https://example.com/synthetic-audio/SYN-0145.mp3,"வணக்கம், நாங்க ஒரு கருத்துக்கணிப்பு செய்கிறோம், சில கேள்விகள் கேட்கலாமா? MLA-va paathathe illa, no work happened here. மீன்பிடி துறைமுகம் சரியா பராமரிக்கப்படல, படகு நிறுத்த இடம் இல்லை. கழிவுநீர் கால்வாய் அடைச்சு கிடக்கு, கொசு தொல்லை அதிகம். Yes, change venum this time. Stalin is doing okay, schemes are useful for us. நன்றி, வணக்கம்.",Pending,,No comment,திருப்தியில்லை/ Not Satisfied,"ஆம், மாற்றம் தேவை/ Yes, need a change",மு.க. ஸ்டாலின் (திமுக)/ M.K. Stalin (DMK),திமுக கூட்டணி/ DMK Alliance,Mudaliyar,41-60,பெண்/Female,கூலி தொழில்/ Daily Wage
SYN-0146,https://example.com/synthetic-audio/SYN-0146.mp3,"வணக்கம் அம்மா, இரண்டு நிமிஷம் பேசலாமா? இது ஒரு சர்வே. Some work done, but still lot of improvement needed. Drainage overflow every monsoon, health issue for kids. விலைவாசி ரொம்ப ஏறிப்போச்சு, காய்கறி வாங்கவே கஷ்டம். இப்போ இருக்குற ஆட்சியே போதும், மாற்றம் தேவையில்லை. Stalin is doing okay, schemes are useful for us. நன்றி, வணக்கம்.",Pending,,No comment,மேம்பாடு தேவை/ Needs improvement,"இல்லை, மாற்றம் தேவையில்லை/ No, don’t need a change",மு.க. ஸ்டாலின் (திமுக)/ M.K. Stalin (DMK),திமுக கூட்டணி/ DMK Alliance,Chettiyar,41-60,ஆண்/Male,கூலி தொழில்/ Daily Wage
SYN-0147,https://example.com/synthetic-audio/SYN-0147.mp3,"வணக்கம் அம்மா, இரண்டு நிமிஷம் பேசலாமா? இது ஒரு சர்வே. MLA-va paathathe illa, no work happened here. குடிநீர் வாரத்துக்கு இரண்டு நாள் தான் வருது, அது பெரிய பிரச்சனை. ஆமாம், இந்த தடவை மாற்றம் வேணும். I like Vijay, new face, youngsters support him. சரி, நன்றி அம்மா.",Pending,,No comment,திருப்தியில்லை/ Not Satisfied,"ஆம், மாற்றம் தேவை/ Yes, need a change",விஜய் (தமிழகம் வெற்றி கழகம்)/ Vijay (TVK),தமிழகம் வெற்றி கழகம்/ Tamilaga Vettri Kazhagam(TVK),Chettiyar,18-30,பெண்/Female,கூலி தொழில்/ Daily Wage
SYN-0148,https://example.com/synthetic-audio/SYN-0148.mp3,"வணக்கம் அம்மா, இரண்டு நிமிஷம் பேசலாமா? இது ஒரு சர்வே. Some work done, but still lot of improvement needed. Fishermen need better harbour facilities and relief during ban period. The road near the bus stop is a big problem, please fix it. No change needed, current government is okay. ஸ்டாலின் தான் தொடரணும், திட்டங்கள் நல்லா இருக்கு. Thank you sir.",Pending,,No comment,மேம்பாடு தேவை/ Needs improvement,"இல்லை, மாற்றம் தேவையில்லை/ No, don’t need a change",மு.க. ஸ்டாலின் (திமுக)/ M.K. Stalin (DMK),தமிழகம் வெற்றி கழகம்/ Tamilaga Vettri Kazhagam(TVK),Muslim,60+,பெண்/Female,கூலி தொழில்/ Daily Wage
SYN-0149,https://example.com/synthetic-audio/SYN-0149.mp3,"வணக்கம் அம்மா, இரண்டு நிமிஷம் பேசலாமா? இது ஒரு சர்வே. MLA work okay, he came during the rain time. அரசு மருத்துவமனையில் டாக்டர் குறைவு, காத்திருக்கணும். Drainage overflow every monsoon, health issue for kids. ஆமாம், இந்த தடவை மாற்றம் வேணும். யாரு வந்தாலும் ஒண்ணுதான், வேலை செய்யணும் அவ்வளவுதான். நன்றி.",Done,90.0,Correctly Done,திருப்தி/ Satisfied,"ஆம், மாற்றம் தேவை/ Yes, need a change",மற்றவர்கள்/ Others,தமிழகம் வெற்றி கழகம்/ Tamilaga Vettri Kazhagam(TVK),Christian,60+,பெண்/Female,இல்லத்தரசி/ Housewife
SYN-0150,https://example.com/synthetic-audio/SYN-0150.mp3,ஹலோ... ஹலோ...,Done,10.0,Fake Audio/Empty Audio,திருப்தி/ Satisfied,"இல்லை, மாற்றம் தேவையில்லை/ No, don’t need a change",எடப்பாடி கே. பழனிசாமி (அதிமுக)/ Edappadi K. Palaniswami (AIADMK),அதிமுக கூட்டணி/ AIADMK Alliance,Mudaliyar,18-30,ஆண்/Male,கூலி தொழில்/ Daily Wage
SYN-0151,https://example.com/synthetic-audio/SYN-0151.mp3,"வணக்கம் அம்மா, இரண்டு நிமிஷம் பேசலாமா? இது ஒரு சர்வே. MLA work okay, he came during the rain time. Ration shop is fine but queue is very long. Gas cylinder price is too high for daily wage families. No change needed, current government is okay. AIADMK time was better for our area. நன்றி.",Pending,,No comment,திருப்தி/ Satisfied,"இல்லை, மாற்றம் தேவையில்லை/ No, don’t need a change",எடப்பாடி கே. பழனிசாமி (அதிமுக)/ Edappadi K. Palaniswami (AIADMK),அதிமுக கூட்டணி/ AIADMK Alliance,Mudaliyar,41-60,ஆண்/Male,மாணவர்/ Student
SYN-0152,https://example.com/synthetic-audio/SYN-0152.mp3,"வணக்கம், நாங்க ஒரு கருத்துக்கணிப்பு செய்கிறோம், சில கேள்விகள் கேட்கலாமா? கொஞ்சம் வேலை நடந்திருக்கு, ஆனா இன்னும் நிறைய செய்யணும். எங்க தெரு சாலை ரொம்ப மோசம், மழை வந்தா நடக்கவே முடியாது. Drainage overflow every monsoon, health issue for kids. Fishermen need better harbour facilities and relief during ban period. No change needed, current government is okay. ஸ்டாலின் தான் தொடரணும், திட்டங்கள் நல்லா இருக்கு. Thank you sir.",Pending,,No comment,மேம்பாடு தேவை/ Needs improvement,"இல்லை, மாற்றம் தேவையில்லை/ No, don’t need a change",மு.க. ஸ்டாலின் (திமுக)/ M.K. Stalin (DMK),திமுக கூட்டணி/ DMK Alliance,SC,18-30,பெண்/Female,மாணவர்/ Student
SYN-0153,https://example.com/synthetic-audio/SYN-0153.mp3,"வணக்கம், நாங்க ஒரு கருத்துக்கணிப்பு செய்கிறோம், சில கேள்விகள் கேட்கலாமா? MLA-va paathathe illa, no work happened here. மீன்பிடி துறைமுகம் சரியா பராமரிக்கப்படல, படகு நிறுத்த இடம் இல்லை. Gas cylinder price is too high for daily wage families. இப்போ இருக்குற ஆட்சியே போதும், மாற்றம் தேவையில்லை. I like Vijay, new face, youngsters support him. நன்றி.",Pending,,No comment,திருப்தியில்லை/ Not Satisfied,"இல்லை, மாற்றம் தேவையில்லை/ No, don’t need a change",விஜய் (தமிழகம் வெற்றி கழகம்)/ Vijay (TVK),தமிழகம் வெற்றி கழகம்/ Tamilaga Vettri Kazhagam(TVK),Vanniyar,41-60,ஆண்/Male,மாணவர்/ Student
SYN-0154,https://example.com/synthetic-audio/SYN-0154.mp3,"வணக்கம் அம்மா, இரண்டு நிமிஷம் பேசலாமா? இது ஒரு சர்வே. எம்.எல்.ஏ இங்க வந்ததே இல்லை, எந்த வேலையும் நடக்கல. Primary health centre needs more staff and medicines. Drainage overflow every monsoon, health issue for kids. ஆமாம், இந்த தடவை மாற்றம் வேணும். சீமான் பேசுறது சரியா இருக்கு, தமிழ் உணர்வு முக்கியம். சரி, நன்றி அம்மா.",Pending,,No comment,திருப்தியில்லை/ Not Satisfied,"ஆம், மாற்றம் தேவை/ Yes, need a change",சீமான் (நாம் தமிழர் கட்சி)/ Seeman (NTK),நாம் தமிழர் கட்சி/ Naam Tamilar Katch(NTK),Nadars,60+,ஆண்/Male,சொந்த தொழில் / சுயதொழில் செய்பவர்/ Self Employed/Business
SYN-0155,https://example.com/synthetic-audio/SYN-0155.mp3,"Hello sir, oru small survey, few questions mattum. MLA-va paathathe illa, no work happened here. எங்க தெரு சாலை ரொம்ப மோசம், மழை வந்தா நடக்கவே முடியாது. இளைஞர்களுக்கு வேலை வாய்ப்பு இல்லை, அதுதான் முக்கிய கோரிக்கை. Yes, change venum this time. AIADMK time was better for our area. நன்றி, வணக்கம்.",Done,90.0,Correctly Done,திருப்தியில்லை/ Not Satisfied,"ஆம், மாற்றம் தேவை/ Yes, need a change",எடப்பாடி கே. பழனிசாமி (அதிமுக)/ Edappadi K. Palaniswami (AIADMK),அதிமுக கூட்டணி/ AIADMK Alliance,Muslim,18-30,ஆண்/Male,இல்லத்தரசி/ Housewife
SYN-0156,https://example.com/synthetic-audio/SYN-0156.mp3,"வணக்கம் அம்மா, இரண்டு நிமிஷம் பேசலாமா? இது ஒரு சர்வே. MLA-va paathathe illa, no work happened here. விலைவாசி ரொம்ப ஏறிப்போச்சு, காய்கறி வாங்கவே கஷ்டம். இளைஞர்களுக்கு வேலை வாய்ப்பு இல்லை, அதுதான் முக்கிய கோரிக்கை. குடிநீர் வாரத்துக்கு இரண்டு நாள் தான் வருது, அது பெரிய பிரச்சனை. Yes, change venum this time. I like Vijay, new face, youngsters support him. Thank you sir.",Pending,,No comment,திருப்தியில்லை/ Not Satisfied,"ஆம், மாற்றம் தேவை/ Yes, need a change",விஜய் (தமிழகம் வெற்றி கழகம்)/ Vijay (TVK),தமிழகம் வெற்றி கழகம்/ Tamilaga Vettri Kazhagam(TVK),DONT SAY,41-60,ஆண்/Male,கூலி தொழில்/ Daily Wage
SYN-0157,https://example.com/synthetic-audio/SYN-0157.mp3,"வணக்கம், நாங்க ஒரு கருத்துக்கணிப்பு செய்கிறோம், சில கேள்விகள் கேட்கலாமா? எம்.எல்.ஏ வேலை பரவாயில்லை, அடிக்கடி ஏரியாவுக்கு வருவார். Ration shop is fine but queue is very long. குடிநீர் வாரத்துக்கு இரண்டு நாள் தான் வருது, அது பெரிய பிரச்சனை. விலைவாசி ரொம்ப ஏறிப்போச்சு, காய்கறி வாங்கவே கஷ்டம். No change needed, current government is okay. அடுத்த முதல்வரா விஜய் வரணும்னு நினைக்கிறேன், புதுசா ஒருத்தர் வேணும். சரி, நன்றி அம்மா.",Done,95.0,Correctly Done,திருப்தி/ Satisfied,"இல்லை, மாற்றம் தேவையில்லை/ No, don’t need a change",விஜய் (தமிழகம் வெற்றி கழகம்)/ Vijay (TVK),தமிழகம் வெற்றி கழகம்/ Tamilaga Vettri Kazhagam(TVK),Fisherman,18-30,பெண்/Female,கூலி தொழில்/ Daily Wage
SYN-0158,https://example.com/synthetic-audio/SYN-0158.mp3,"Hello sir, oru small survey, few questions mattum. Some work done, but still lot of improvement needed. எங்க தெரு சாலை ரொம்ப மோசம், மழை வந்தா நடக்கவே முடியாது. இளைஞர்களுக்கு வேலை வாய்ப்பு இல்லை, அதுதான் முக்கிய கோரிக்கை. Drainage overflow every monsoon, health issue for kids. Not decided yet, will see closer to election. சீமான் பேசுறது சரியா இருக்கு, தமிழ் உணர்வு முக்கியம். நன்றி.",Pending,,No comment,மேம்பாடு தேவை/ Needs improvement,உறுதி இல்லை/ Not sure,சீமான் (நாம் தமிழர் கட்சி)/ Seeman (NTK),நாம் தமிழர் கட்சி/ Naam Tamilar Katch(NTK),Linguistic Minority,18-30,பெண்/Female,பணியாளர்/ Employee
SYN-0159,https://example.com/synthetic-audio/SYN-0159.mp3,"Hello sir, oru small survey, few questions mattum. MLA work okay, he came during the rain time. Drainage overflow every monsoon, health issue for kids. இலவச பஸ் பயணம் பெண்களுக்கு நல்ல திட்டம். No change needed, current government is okay. ஸ்டாலின் தான் தொடரணும், திட்டங்கள் நல்லா இருக்கு. நன்றி.",Pending,,No comment,திருப்தி/ Satisfied,"இல்லை, மாற்றம் தேவையில்லை/ No, don’t need a change",மு.க. ஸ்டாலின் (திமுக)/ M.K. Stalin (DMK),திமுக கூட்டணி/ DMK Alliance,Fisherman,31-40,பெண்/Female,சொந்த தொழில் / சுயதொழில் செய்பவர்/ Self Employed/Business
SYN-0160,https://example.com/synthetic-audio/SYN-0160.mp3,"Hello sir, oru small survey, few questions mattum. MLA work okay, he came during the rain time. Gas cylinder price is too high for daily wage families. கழிவுநீர் கால்வாய் அடைச்சு கிடக்கு, கொசு தொல்லை அதிகம். No change needed, current government is okay. எடப்பாடி ஆட்சி காலத்துல நல்லா இருந்துச்சு. நன்றி.",Pending,,No comment,திருப்தி/ Satisfied,"இல்லை, மாற்றம் தேவையில்லை/ No, don’t need a change",எடப்பாடி கே. பழனிசாமி (அதிமுக)/ Edappadi K. Palaniswami (AIADMK),அதிமுக கூட்டணி/ AIADMK Alliance,Nadars,31-40,பெண்/Female,இல்லத்தரசி/ Housewife
SYN-0161,https://example.com/synthetic-audio/SYN-0161.mp3,"வணக்கம் அம்மா, இரண்டு நிமிஷம் பேசலாமா? இது ஒரு சர்வே. MLA work okay, he came during the rain time. Drainage overflow every monsoon, health issue for kids. Gas cylinder price is too high for daily wage families. இலவச பஸ் பயணம் பெண்களுக்கு நல்ல திட்டம். No change needed, current government is okay. எடப்பாடி ஆட்சி காலத்துல நல்லா இருந்துச்சு. நன்றி.",Pending,,No comment,திருப்தி/ Satisfied,"இல்லை, மாற்றம் தேவையில்லை/ No, don’t need a change",எடப்பாடி கே. பழனிசாமி (அதிமுக)/ Edappadi K. Palaniswami (AIADMK),அதிமுக கூட்டணி/ AIADMK Alliance,SC,18-30,ஆண்/Male,பணியாளர்/ Employee
SYN-0162,https://example.com/synthetic-audio/SYN-0162.mp3,"Hello sir, oru small survey, few questions mattum. MLA-va paathathe illa, no work happened here. விலைவாசி ரொம்ப ஏறிப்போச்சு, காய்கறி வாங்கவே கஷ்டம். The road near the bus stop is a big problem, please fix it. Primary health centre needs more staff and medicines. ஆமாம், இந்த தடவை மாற்றம் வேணும். Stalin is doing okay, schemes are useful for us. Thank you sir.",Pending,,No comment,திருப்தியில்லை/ Not Satisfied,"ஆம், மாற்றம் தேவை/ Yes, need a change",மு.க. ஸ்டாலின் (திமுக)/ M.K. Stalin (DMK),திமுக கூட்டணி/ DMK Alliance,Fisherman,41-60,பெண்/Female,கூலி தொழில்/ Daily Wage
SYN-0163,https://example.com/synthetic-audio/SYN-0163.mp3,"Hello sir, oru small survey, few questions mattum. Some work done, but still lot of improvement needed. கழிவுநீர் கால்வாய் அடைச்சு கிடக்கு, கொசு தொல்லை அதிகம். Yes, change venum this time. அடுத்த முதல்வரா விஜய் வரணும்னு நினைக்கிறேன், புதுசா ஒருத்தர் வேணும். நன்றி.",Pending,,No comment,மேம்பாடு தேவை/ Needs improvement,"ஆம், மாற்றம் தேவை/ Yes, need a change",விஜய் (தமிழகம் வெற்றி கழகம்)/ Vijay (TVK),திமுக கூட்டணி/ DMK Alliance,Fisherman,18-30,பெண்/Female,கூலி தொழில்/ Daily Wage
SYN-0164,https://example.com/synthetic-audio/SYN-0164.mp3,"வணக்கம், நாங்க ஒரு கருத்துக்கணிப்பு செய்கிறோம், சில கேள்விகள் கேட்கலாமா? எம்.எல்.ஏ இங்க வந்ததே இல்லை, எந்த வேலையும் நடக்கல. எங்க தெரு சாலை ரொம்ப மோசம், மழை வந்தா நடக்கவே முடியாது. அரசு மருத்துவமனையில் டாக்டர் குறைவு, காத்திருக்கணும். No change needed, current government is okay. I like Vijay, new face, youngsters support him. நன்றி, வணக்கம்.",Done,90.0,Correctly Done,திருப்தியில்லை/ Not Satisfied,"இல்லை, மாற்றம் தேவையில்லை/ No, don’t need a change",விஜய் (தமிழகம் வெற்றி கழகம்)/ Vijay (TVK),அதிமுக கூட்டணி/ AIADMK Alliance,Mudaliyar,18-30,பெண்/Female,கூலி தொழில்/ Daily Wage
SYN-0165,https://example.com/synthetic-audio/SYN-0165.mp3,"வணக்கம், நாங்க ஒரு கருத்துக்கணிப்பு செய்கிறோம், சில கேள்விகள் கேட்கலாமா? Some work done, but still lot of improvement needed. Gas cylinder price is too high for daily wage families. ஆமாம், இந்த தடவை மாற்றம் வேணும். Stalin is doing okay, schemes are useful for us. நன்றி, வணக்கம்.",Done,90.0,Correctly Done,மேம்பாடு தேவை/ Needs improvement,"ஆம், மாற்றம் தேவை/ Yes, need a change",மு.க. ஸ்டாலின் (திமுக)/ M.K. Stalin (DMK),திமுக கூட்டணி/ DMK Alliance,Nadars,31-40,ஆண்/Male,இல்லத்தரசி/ Housewife
SYN-0166,https://example.com/synthetic-audio/SYN-0166.mp3,ஹலோ... ஹலோ...,Done,10.0,Fake Audio/Empty Audio,மேம்பாடு தேவை/ Needs improvement,"ஆம், மாற்றம் தேவை/ Yes, need a change",விஜய் (தமிழகம் வெற்றி கழகம்)/ Vijay (TVK),தமிழகம் வெற்றி கழகம்/ Tamilaga Vettri Kazhagam(TVK),Fisherman,18-30,ஆண்/Male,கூலி தொழில்/ Daily Wage
SYN-0167,https://example.com/synthetic-audio/SYN-0167.mp3,"வணக்கம் அம்மா, இரண்டு நிமிஷம் பேசலாமா? இது ஒரு சர்வே. MLA-va paathathe illa, no work happened here. குடிநீர் வாரத்துக்கு இரண்டு நாள் தான் வருது, அது பெரிய பிரச்சனை. Primary health centre needs more staff and medicines. இப்போ இருக்குற ஆட்சியே போதும், மாற்றம் தேவையில்லை. அடுத்த முதல்வரா விஜய் வரணும்னு நினைக்கிறேன், புதுசா ஒருத்தர் வேணும். நன்றி, வணக்கம்.",Done,90.0,Correctly Done,திருப்தியில்லை/ Not Satisfied,"இல்லை, மாற்றம் தேவையில்லை/ No, don’t need a change",விஜய் (தமிழகம் வெற்றி கழகம்)/ Vijay (TVK),தமிழகம் வெற்றி கழகம்/ Tamilaga Vettri Kazhagam(TVK),SC,31-40,ஆண்/Male,இல்லத்தரசி/ Housewife
SYN-0168,https://example.com/synthetic-audio/SYN-0168.mp3,"வணக்கம் அம்மா, இரண்டு நிமிஷம் பேசலாமா? இது ஒரு சர்வே. MLA-va paathathe illa, no work happened here. விலைவாசி ரொம்ப ஏறிப்போச்சு, காய்கறி வாங்கவே கஷ்டம். ஆமாம், இந்த தடவை மாற்றம் வேணும். அடுத்த முதல்வரா விஜய் வரணும்னு நினைக்கிறேன், புதுசா ஒருத்தர் வேணும். சரி, நன்றி அம்மா.",Pending,,No comment,திருப்தியில்லை/ Not Satisfied,"ஆம், மாற்றம் தேவை/ Yes, need a change",விஜய் (தமிழகம் வெற்றி கழகம்)/ Vijay (TVK),தமிழகம் வெற்றி கழகம்/ Tamilaga Vettri Kazhagam(TVK),Fisherman,31-40,ஆண்/Male,மாணவர்/ Student
SYN-0169,https://example.com/synthetic-audio/SYN-0169.mp3,"வணக்கம், நாங்க ஒரு கருத்துக்கணிப்பு செய்கிறோம், சில கேள்விகள் கேட்கலாமா? MLA-va paathathe illa, no work happened here. Gas cylinder price is too high for daily wage families. Drainage overflow every monsoon, health issue for kids. ரோடு போட்டு இரண்டு வருஷம் ஆச்சு, மறுபடியும் பள்ளம் ஆயிடுச்சு. இப்போ இருக்குற ஆட்சியே போதும், மாற்றம் தேவையில்லை. Seeman speaks for Tamil people, I support NTK. சரி, நன்றி அம்மா.",Pending,,No comment,திருப்தியில்லை/ Not Satisfied,"இல்லை, மாற்றம் தேவையில்லை/ No, don’t need a change",சீமான் (நாம் தமிழர் கட்சி)/ Seeman (NTK),நாம் தமிழர் கட்சி/ Naam Tamilar Katch(NTK),Vanniyar,31-40,பெண்/Female,மற்றவை/ Others
SYN-0170,https://example.com/synthetic-audio/SYN-0170.mp3,"வணக்கம் அம்மா, இரண்டு நிமிஷம் பேசலாமா? இது ஒரு சர்வே. Some work done, but still lot of improvement needed. ரோடு போட்டு இரண்டு வருஷம் ஆச்சு, மறுபடியும் பள்ளம் ஆயிடுச்சு. அரசு மருத்துவமனையில் டாக்டர் குறைவு, காத்திருக்கணும். இளைஞர்களுக்கு வேலை வாய்ப்பு இல்லை, அதுதான் முக்கிய கோரிக்கை. Not decided yet, will see closer to election. Stalin is doing okay, schemes are useful for us. சரி, நன்றி அம்மா.",Done,90.0,Correctly Done,மேம்பாடு தேவை/ Needs improvement,உறுதி இல்லை/ Not sure,மு.க. ஸ்டாலின் (திமுக)/ M.K. Stalin (DMK),திமுக கூட்டணி/ DMK Alliance,Vanniyar,31-40,பெண்/Female,மற்றவை/ Others
SYN-0171,https://example.com/synthetic-audio/SYN-0171.mp3,"வணக்கம் அம்மா, இரண்டு நிமிஷம் பேசலாமா? இது ஒரு சர்வே. எம்.எல்.ஏ வேலை பரவாயில்லை, அடிக்கடி ஏரியாவுக்கு வருவார். இளைஞர்களுக்கு வேலை வாய்ப்பு இல்லை, அதுதான் முக்கிய கோரிக்கை. இலவச பஸ் பயணம் பெண்களுக்கு நல்ல திட்டம். Yes, change venum this time. I like Vijay, new face, youngsters support him. நன்றி.",Pending,,No comment,திருப்தி/ Satisfied,"ஆம், மாற்றம் தேவை/ Yes, need a change",விஜய் (தமிழகம் வெற்றி கழகம்)/ Vijay (TVK),தமிழகம் வெற்றி கழகம்/ Tamilaga Vettri Kazhagam(TVK),SC,31-40,பெண்/Female,பணியாளர்/ Employee
SYN-0172,https://example.com/synthetic-audio/SYN-0172.mp3,"வணக்கம், நாங்க ஒரு கருத்துக்கணிப்பு செய்கிறோம், சில கேள்விகள் கேட்கலாமா? எம்.எல்.ஏ இங்க வந்ததே இல்லை, எந்த வேலையும் நடக்கல. விலைவாசி ரொம்ப ஏறிப்போச்சு, காய்கறி வாங்கவே கஷ்டம். இப்போ இருக்குற ஆட்சியே போதும், மாற்றம் தேவையில்லை. Seeman speaks for Tamil people, I support NTK. சரி, நன்றி அம்மா.",Done,100.0,Correctly Done,திருப்தியில்லை/ Not Satisfied,"இல்லை, மாற்றம் தேவையில்லை/ No, don’t need a change",சீமான் (நாம் தமிழர் கட்சி)/ Seeman (NTK),நாம் தமிழர் கட்சி/ Naam Tamilar Katch(NTK),SC,31-40,பெண்/Female,கூலி தொழில்/ Daily Wage
SYN-0173,https://example.com/synthetic-audio/SYN-0173.mp3,"வணக்கம், நாங்க ஒரு கருத்துக்கணிப்பு செய்கிறோம், சில கேள்விகள் கேட்கலாமா? கொஞ்சம் வேலை நடந்திருக்கு, ஆனா இன்னும் நிறைய செய்யணும். அரசு மருத்துவமனையில் டாக்டர் குறைவு, காத்திருக்கணும். No change needed, current government is okay. AIADMK time was better for our area. Thank you sir.",Done,80.0,Correctly Done,மேம்பாடு தேவை/ Needs improvement,"இல்லை, மாற்றம் தேவையில்லை/ No, don’t need a change",எடப்பாடி கே. பழனிசாமி (அதிமுக)/ Edappadi K. Palaniswami (AIADMK),அதிமுக கூட்டணி/ AIADMK Alliance,Fisherman,18-30,பெண்/Female,கூலி தொழில்/ Daily Wage
SYN-0174,https://example.com/synthetic-audio/SYN-0174.mp3,"வணக்கம் அம்மா, இரண்டு நிமிஷம் பேசலாமா? இது ஒரு சர்வே. MLA work okay, he came during the rain time. Primary health centre needs more staff and medicines. இளைஞர்களுக்கு வேலை வாய்ப்பு இல்லை, அதுதான் முக்கிய கோரிக்கை. விலைவாசி ரொம்ப ஏறிப்போச்சு, காய்கறி வாங்கவே கஷ்டம். No change needed, current government is okay. Anyone is fine, they should just do the work. சரி, நன்றி அம்மா.",Done,80.0,Correctly Done,திருப்தி/ Satisfied,"இல்லை, மாற்றம் தேவையில்லை/ No, don’t need a change",மற்றவர்கள்/ Others,நாம் தமிழர் கட்சி/ Naam Tamilar Katch(NTK),SC,31-40,பெண்/Female,கூலி தொழில்/ Daily Wage
SYN-0175,https://example.com/synthetic-audio/SYN-0175.mp3,"வணக்கம், நாங்க ஒரு கருத்துக்கணிப்பு செய்கிறோம், சில கேள்விகள் கேட்கலாமா? MLA work okay, he came during the rain time. Gas cylinder price is too high for daily wage families. குடிநீர் வாரத்துக்கு இரண்டு நாள் தான் வருது, அது பெரிய பிரச்சனை. Yes, change venum this time. சீமான் பேசுறது சரியா இருக்கு, தமிழ் உணர்வு முக்கியம். நன்றி.",Done,90.0,Correctly Done,திருப்தி/ Satisfied,"ஆம், மாற்றம் தேவை/ Yes, need a change",சீமான் (நாம் தமிழர் கட்சி)/ Seeman (NTK),நாம் தமிழர் கட்சி/ Naam Tamilar Katch(NTK),ST,41-60,ஆண்/Male,சொந்த தொழில் / சுயதொழில் செய்பவர்/ Self Employed/Business
SYN-0176,https://example.com/synthetic-audio/SYN-0176.mp3,"Hello sir, oru small survey, few questions mattum. Some work done, but still lot of improvement needed. அரசு மருத்துவமனையில் டாக்டர் குறைவு, காத்திருக்கணும். Water supply is irregular, we buy cans every day. இலவச பஸ் பயணம் பெண்களுக்கு நல்ல திட்டம். இப்போ இருக்குற ஆட்சியே போதும், மாற்றம் தேவையில்லை. அடுத்த முதல்வரா விஜய் வரணும்னு நினைக்கிறேன், புதுசா ஒருத்தர் வேணும். நன்றி.",Pending,,No comment,மேம்பாடு தேவை/ Needs improvement,"இல்லை, மாற்றம் தேவையில்லை/ No, don’t need a change",விஜய் (தமிழகம் வெற்றி கழகம்)/ Vijay (TVK),தமிழகம் வெற்றி கழகம்/ Tamilaga Vettri Kazhagam(TVK),Christian,31-40,பெண்/Female,இல்லத்தரசி/ Housewife
SYN-0177,https://example.com/synthetic-audio/SYN-0177.mp3,"வணக்கம், நாங்க ஒரு கருத்துக்கணிப்பு செய்கிறோம், சில கேள்விகள் கேட்கலாமா? கொஞ்சம் வேலை நடந்திருக்கு, ஆனா இன்னும் நிறைய செய்யணும். Ration shop is fine but queue is very long. The road near the bus stop is a big problem, please fix it. Water supply is irregular, we buy cans every day. Not decided yet, will see closer to election. Stalin is doing okay, schemes are useful for us. Thank you sir.",Done,100.0,Correctly Done,மேம்பாடு தேவை/ Needs improvement,உறுதி இல்லை/ Not sure,மு.க. ஸ்டாலின் (திமுக)/ M.K. Stalin (DMK),திமுக கூட்டணி/ DMK Alliance,Fisherman,41-60,ஆண்/Male,மாணவர்/ Student
SYN-0178,https://example.com/synthetic-audio/SYN-0178.mp3,"வணக்கம் அம்மா, இரண்டு நிமிஷம் பேசலாமா? இது ஒரு சர்வே. Some work done, but still lot of improvement needed. இலவச பஸ் பயணம் பெண்களுக்கு நல்ல திட்டம். இப்போ இருக்குற ஆட்சியே போதும், மாற்றம் தேவையில்லை. யாரு வந்தாலும் ஒண்ணுதான், வேலை செய்யணும் அவ்வளவுதான். Thank you sir.",Done,80.0,Correctly Done,மேம்பாடு தேவை/ Needs improvement,"இல்லை, மாற்றம் தேவையில்லை/ No, don’t need a change",மற்றவர்கள்/ Others,மற்றவர்கள்/ Others,SC,31-40,பெண்/Female,கூலி தொழில்/ Daily Wage
SYN-0179,https://example.com/synthetic-audio/SYN-0179.mp3,"Hello sir, oru small survey, few questions mattum. MLA-va paathathe illa, no work happened here. குடிநீர் வாரத்துக்கு இரண்டு நாள் தான் வருது, அது பெரிய பிரச்சனை. இப்போ இருக்குற ஆட்சியே போதும், மாற்றம் தேவையில்லை. I like Vijay, new face, youngsters support him. Thank you sir.",Pending,,No comment,திருப்தியில்லை/ Not Satisfied,"இல்லை, மாற்றம் தேவையில்லை/ No, don’t need a change",விஜய் (தமிழகம் வெற்றி கழகம்)/ Vijay (TVK),தமிழகம் வெற்றி கழகம்/ Tamilaga Vettri Kazhagam(TVK),Christian,31-40,ஆண்/Male,கூலி தொழில்/ Daily Wage
SYN-0180,https://example.com/synthetic-audio/SYN-0180.mp3,,Done,10.0,Fake Audio/Empty Audio,திருப்தி/ Satisfied,"இல்லை, மாற்றம் தேவையில்லை/ No, don’t need a change",சீமான் (நாம் தமிழர் கட்சி)/ Seeman (NTK),நாம் தமிழர் கட்சி/ Naam Tamilar Katch(NTK),Nadars,18-30,பெண்/Female,கூலி தொழில்/ Daily Wage
SYN-0181,https://example.com/synthetic-audio/SYN-0181.mp3,"வணக்கம் அம்மா, இரண்டு நிமிஷம் பேசலாமா? இது ஒரு சர்வே. எம்.எல்.ஏ வேலை பரவாயில்லை, அடிக்கடி ஏரியாவுக்கு வருவார். அரசு மருத்துவமனையில் டாக்டர் குறைவு, காத்திருக்கணும். Not decided yet, will see closer to election. அடுத்த முதல்வரா விஜய் வரணும்னு நினைக்கிறேன், புதுசா ஒருத்தர் வேணும். நன்றி, வணக்கம்.",Pending,,No comment,திருப்தி/ Satisfied,உறுதி இல்லை/ Not sure,விஜய் (தமிழகம் வெற்றி கழகம்)/ Vijay (TVK),தமிழகம் வெற்றி கழகம்/ Tamilaga Vettri Kazhagam(TVK),ST,31-40,பெண்/Female,பணியாளர்/ Employee
SYN-0182,https://example.com/synthetic-audio/SYN-0182.mp3,"வணக்கம், நாங்க ஒரு கருத்துக்கணிப்பு செய்கிறோம், சில கேள்விகள் கேட்கலாமா? எம்.எல்.ஏ வேலை பரவாயில்லை, அடிக்கடி ஏரியாவுக்கு வருவார். Primary health centre needs more staff and medicines. ஆமாம், இந்த தடவை மாற்றம் வேணும். Anyone is fine, they should just do the work. Thank you sir.",Done,90.0,Correctly Done,திருப்தி/ Satisfied,"ஆம், மாற்றம் தேவை/ Yes, need a change",மற்றவர்கள்/ Others,மற்றவர்கள்/ Others,Vanniyar,18-30,பெண்/Female,இல்லத்தரசி/ Housewife
SYN-0183,https://example.com/synthetic-audio/SYN-0183.mp3,"வணக்கம் அம்மா, இரண்டு நிமிஷம் பேசலாமா? இது ஒரு சர்வே. Some work done, but still lot of improvement needed. குடிநீர் வாரத்துக்கு இரண்டு நாள் தான் வருது, அது பெரிய பிரச்சனை. இளைஞர்களுக்கு வேலை வாய்ப்பு இல்லை, அதுதான் முக்கிய கோரிக்கை. No change needed, current government is okay. I like Vijay, new face, youngsters support him. நன்றி.",Done,80.0,Correctly Done,மேம்பாடு தேவை/ Needs improvement,"இல்லை, மாற்றம் தேவையில்லை/ No, don’t need a change",விஜய் (தமிழகம் வெற்றி கழகம்)/ Vijay (TVK),தமிழகம் வெற்றி கழகம்/ Tamilaga Vettri Kazhagam(TVK),Fisherman,31-40,ஆண்/Male,மற்றவை/ Others
SYN-0184,https://example.com/synthetic-audio/SYN-0184.mp3,"Hello sir, oru small survey, few questions mattum. எம்.எல்.ஏ வேலை பரவாயில்லை, அடிக்கடி ஏரியாவுக்கு வருவார். இளைஞர்களுக்கு வேலை வாய்ப்பு இல்லை, அதுதான் முக்கிய கோரிக்கை. அரசு மருத்துவமனையில் டாக்டர் குறைவு, காத்திருக்கணும். மீன்பிடி துறைமுகம் சரியா பராமரிக்கப்படல, படகு நிறுத்த இடம் இல்லை. இப்போ இருக்குற ஆட்சியே போதும், மாற்றம் தேவையில்லை. எடப்பாடி ஆட்சி காலத்துல நல்லா இருந்துச்சு. நன்றி.",Pending,,No comment,திருப்தி/ Satisfied,"இல்லை, மாற்றம் தேவையில்லை/ No, don’t need a change",எடப்பாடி கே. பழனிசாமி (அதிமுக)/ Edappadi K. Palaniswami (AIADMK),அதிமுக கூட்டணி/ AIADMK Alliance,Christian,31-40,ஆண்/Male,இல்லத்தரசி/ Housewife
SYN-0185,https://example.com/synthetic-audio/SYN-0185.mp3,"வணக்கம், நாங்க ஒரு கருத்துக்கணிப்பு செய்கிறோம், சில கேள்விகள் கேட்கலாமா? MLA-va paathathe illa, no work happened here. Youth need jobs, factories should come to this area. கழிவுநீர் கால்வாய் அடைச்சு கிடக்கு, கொசு தொல்லை அதிகம். அரசு மருத்துவமனையில் டாக்டர் குறைவு, காத்திருக்கணும். Yes, change venum this time. எடப்பாடி ஆட்சி காலத்துல நல்லா இருந்துச்சு. நன்றி, வணக்கம்.",Done,95.0,Correctly Done,திருப்தியில்லை/ Not Satisfied,"ஆம், மாற்றம் தேவை/ Yes, need a change",எடப்பாடி கே. பழனிசாமி (அதிமுக)/ Edappadi K. Palaniswami (AIADMK),நாம் தமிழர் கட்சி/ Naam Tamilar Katch(NTK),Fisherman,18-30,ஆண்/Male,பணியாளர்/ Employee
SYN-0186,https://example.com/synthetic-audio/SYN-0186.mp3,"வணக்கம் அம்மா, இரண்டு நிமிஷம் பேசலாமா? இது ஒரு சர்வே. எம்.எல்.ஏ இங்க வந்ததே இல்லை, எந்த வேலையும் நடக்கல. அரசு மருத்துவமனையில் டாக்டர் குறைவு, காத்திருக்கணும். இளைஞர்களுக்கு வேலை வாய்ப்பு இல்லை, அதுதான் முக்கிய கோரிக்கை. No change needed, current government is okay. ஸ்டாலின் தான் தொடரணும், திட்டங்கள் நல்லா இருக்கு. நன்றி.",Pending,,No comment,திருப்தியில்லை/ Not Satisfied,"இல்லை, மாற்றம் தேவையில்லை/ No, don’t need a change",மு.க. ஸ்டாலின் (திமுக)/ M.K. Stalin (DMK),திமுக கூட்டணி/ DMK Alliance,Fisherman,60+,பெண்/Female,சொந்த தொழில் / சுயதொழில் செய்பவர்/ Self Employed/Business
SYN-0187,https://example.com/synthetic-audio/SYN-0187.mp3,"வணக்கம், நாங்க ஒரு கருத்துக்கணிப்பு செய்கிறோம், சில கேள்விகள் கேட்கலாமா? MLA work okay, he came during the rain time. Ration shop is fine but queue is very long. கழிவுநீர் கால்வாய் அடைச்சு கிடக்கு, கொசு தொல்லை அதிகம். இளைஞர்களுக்கு வேலை வாய்ப்பு இல்லை, அதுதான் முக்கிய கோரிக்கை. ஆமாம், இந்த தடவை மாற்றம் வேணும். Seeman speaks for Tamil people, I support NTK. நன்றி, வணக்கம்.",Pending,,No comment,திருப்தி/ Satisfied,"ஆம், மாற்றம் தேவை/ Yes, need a change",சீமான் (நாம் தமிழர் கட்சி)/ Seeman (NTK),நாம் தமிழர் கட்சி/ Naam Tamilar Katch(NTK),Mudaliyar,41-60,ஆண்/Male,இல்லத்தரசி/ Housewife
SYN-0188,https://example.com/synthetic-audio/SYN-0188.mp3,"வணக்கம், நாங்க ஒரு கருத்துக்கணிப்பு செய்கிறோம், சில கேள்விகள் கேட்கலாமா? MLA work okay, he came during the rain time. Drainage overflow every monsoon, health issue for kids. Yes, change venum this time. எடப்பாடி ஆட்சி காலத்துல நல்லா இருந்துச்சு. நன்றி, வணக்கம்.",Done,80.0,Correctly Done,திருப்தி/ Satisfied,"ஆம், மாற்றம் தேவை/ Yes, need a change",எடப்பாடி கே. பழனிசாமி (அதிமுக)/ Edappadi K. Palaniswami (AIADMK),அதிமுக கூட்டணி/ AIADMK Alliance,Fisherman,31-40,பெண்/Female,பணியாளர்/ Employee
SYN-0189,https://example.com/synthetic-audio/SYN-0189.mp3,ஹலோ... ஹலோ...,Done,10.0,Fake Audio/Empty Audio,மேம்பாடு தேவை/ Needs improvement,"ஆம், மாற்றம் தேவை/ Yes, need a change",மு.க. ஸ்டாலின் (திமுக)/ M.K. Stalin (DMK),மற்றவர்கள்/ Others,SC,41-60,பெண்/Female,கூலி தொழில்/ Daily Wage
SYN-0190,https://example.com/synthetic-audio/SYN-0190.mp3,"வணக்கம், நாங்க ஒரு கருத்துக்கணிப்பு செய்கிறோம், சில கேள்விகள் கேட்கலாமா? எம்.எல்.ஏ இங்க வந்ததே இல்லை, எந்த வேலையும் நடக்கல. விலைவாசி ரொம்ப ஏறிப்போச்சு, காய்கறி வாங்கவே கஷ்டம். குடிநீர் வாரத்துக்கு இரண்டு நாள் தான் வருது, அது பெரிய பிரச்சனை. Yes, change venum this time. யாரு வந்தாலும் ஒண்ணுதான், வேலை செய்யணும் அவ்வளவுதான். நன்றி.",Pending,,No comment,திருப்தியில்லை/ Not Satisfied,"ஆம், மாற்றம் தேவை/ Yes, need a change",மற்றவர்கள்/ Others,மற்றவர்கள்/ Others,Fisherman,41-60,ஆண்/Male,கூலி தொழில்/ Daily Wage
SYN-0191,https://example.com/synthetic-audio/SYN-0191.mp3,"வணக்கம் அம்மா, இரண்டு நிமிஷம் பேசலாமா? இது ஒரு சர்வே. MLA work okay, he came during the rain time. Drainage overflow every monsoon, health issue for kids. இளைஞர்களுக்கு வேலை வாய்ப்பு இல்லை, அதுதான் முக்கிய கோரிக்கை. இன்னும் முடிவு பண்ணல, பார்க்கலாம். Stalin is doing okay, schemes are useful for us. நன்றி.",Pending,,No comment,திருப்தி/ Satisfied,உறுதி இல்லை/ Not sure,மு.க. ஸ்டாலின் (திமுக)/ M.K. Stalin (DMK),திமுக கூட்டணி/ DMK Alliance,Fisherman,18-30,பெண்/Female,சொந்த தொழில் / சுயதொழில் செய்பவர்/ Self Employed/Business
SYN-0192,https://example.com/synthetic-audio/SYN-0192.mp3,"வணக்கம் அம்மா, இரண்டு நிமிஷம் பேசலாமா? இது ஒரு சர்வே. Some work done, but still lot of improvement needed. Primary health centre needs more staff and medicines. இன்னும் முடிவு பண்ணல, பார்க்கலாம். Stalin is doing okay, schemes are useful for us. நன்றி, வணக்கம்.",Done,90.0,Correctly Done,மேம்பாடு தேவை/ Needs improvement,உறுதி இல்லை/ Not sure,மு.க. ஸ்டாலின் (திமுக)/ M.K. Stalin (DMK),மற்றவர்கள்/ Others,Nadars,41-60,ஆண்/Male,கூலி தொழில்/ Daily Wage
SYN-0193,https://example.com/synthetic-audio/SYN-0193.mp3,"வணக்கம் அம்மா, இரண்டு நிமிஷம் பேசலாமா? இது ஒரு சர்வே. எம்.எல்.ஏ வேலை பரவாயில்லை, அடிக்கடி ஏரியாவுக்கு வருவார். Youth need jobs, factories should come to this area. ஆமாம், இந்த தடவை மாற்றம் வேணும். Seeman speaks for Tamil people, I support NTK. நன்றி.",Done,95.0,Correctly Done,திருப்தி/ Satisfied,"ஆம், மாற்றம் தேவை/ Yes, need a change",சீமான் (நாம் தமிழர் கட்சி)/ Seeman (NTK),நாம் தமிழர் கட்சி/ Naam Tamilar Katch(NTK),Nadars,41-60,ஆண்/Male,சொந்த தொழில் / சுயதொழில் செய்பவர்/ Self Employed/Business
SYN-0194,https://example.com/synthetic-audio/SYN-0194.mp3,"வணக்கம், நாங்க ஒரு கருத்துக்கணிப்பு செய்கிறோம், சில கேள்விகள் கேட்கலாமா? MLA work okay, he came during the rain time. மீன்பிடி துறைமுகம் சரியா பராமரிக்கப்படல, படகு நிறுத்த இடம் இல்லை. மகளிர் உரிமைத் தொகை கிடைக்குது, அது உதவியா இருக்கு. No change needed, current government is okay. ஸ்டாலின் தான் தொடரணும், திட்டங்கள் நல்லா இருக்கு. நன்றி.",Pending,,No comment,திருப்தி/ Satisfied,"இல்லை, மாற்றம் தேவையில்லை/ No, don’t need a change",மு.க. ஸ்டாலின் (திமுக)/ M.K. Stalin (DMK),திமுக கூட்டணி/ DMK Alliance,Linguistic Minority,31-40,பெண்/Female,சொந்த தொழில் / சுயதொழில் செய்பவர்/ Self Employed/Business
SYN-0195,https://example.com/synthetic-audio/SYN-0195.mp3,ஹலோ... ஹலோ...,Done,10.0,Fake Audio/Empty Audio,மேம்பாடு தேவை/ Needs improvement,"ஆம், மாற்றம் தேவை/ Yes, need a change",மு.க. ஸ்டாலின் (திமுக)/ M.K. Stalin (DMK),திமுக கூட்டணி/ DMK Alliance,Chettiyar,41-60,ஆண்/Male,இல்லத்தரசி/ Housewife
SYN-0196,https://example.com/synthetic-audio/SYN-0196.mp3,,Done,10.0,Fake Audio/Empty Audio,திருப்தி/ Satisfied,"ஆம், மாற்றம் தேவை/ Yes, need a change",மு.க. ஸ்டாலின் (திமுக)/ M.K. Stalin (DMK),திமுக கூட்டணி/ DMK Alliance,Fisherman,18-30,ஆண்/Male,மாணவர்/ Student
SYN-0197,https://example.com/synthetic-audio/SYN-0197.mp3,"Hello sir, oru small survey, few questions mattum. MLA work okay, he came during the rain time. Water supply is irregular, we buy cans every day. Primary health centre needs more staff and medicines. Fishermen need better harbour facilities and relief during ban period. Yes, change venum this time. Stalin is doing okay, schemes are useful for us. நன்றி.",Pending,,No comment,திருப்தி/ Satisfied,"ஆம், மாற்றம் தேவை/ Yes, need a change",மு.க. ஸ்டாலின் (திமுக)/ M.K. Stalin (DMK),திமுக கூட்டணி/ DMK Alliance,SC,18-30,பெண்/Female,சொந்த தொழில் / சுயதொழில் செய்பவர்/ Self Employed/Business
SYN-0198,https://example.com/synthetic-audio/SYN-0198.mp3,"வணக்கம் அம்மா, இரண்டு நிமிஷம் பேசலாமா? இது ஒரு சர்வே. Some work done, but still lot of improvement needed. Youth need jobs, factories should come to this area. ஆமாம், இந்த தடவை மாற்றம் வேணும். ஸ்டாலின் தான் தொடரணும், திட்டங்கள் நல்லா இருக்கு. Thank you sir.",Pending,,No comment,மேம்பாடு தேவை/ Needs improvement,"ஆம், மாற்றம் தேவை/ Yes, need a change",மு.க. ஸ்டாலின் (திமுக)/ M.K. Stalin (DMK),தமிழகம் வெற்றி கழகம்/ Tamilaga Vettri Kazhagam(TVK),Nadars,31-40,ஆண்/Male,இல்லத்தரசி/ Housewife
SYN-0199,https://example.com/synthetic-audio/SYN-0199.mp3,"வணக்கம் அம்மா, இரண்டு நிமிஷம் பேசலாமா? இது ஒரு சர்வே. MLA work okay, he came during the rain time. குடிநீர் வாரத்துக்கு இரண்டு நாள் தான் வருது, அது பெரிய பிரச்சனை. No change needed, current government is okay. அடுத்த முதல்வரா விஜய் வரணும்னு நினைக்கிறேன், புதுசா ஒருத்தர் வேணும். Thank you sir.",Pending,,No comment,திருப்தி/ Satisfied,"இல்லை, மாற்றம் தேவையில்லை/ No, don’t need a change",விஜய் (தமிழகம் வெற்றி கழகம்)/ Vijay (TVK),தமிழகம் வெற்றி கழகம்/ Tamilaga Vettri Kazhagam(TVK),Vanniyar,31-40,ஆண்/Male,சொந்த தொழில் / சுயதொழில் செய்பவர்/ Self Employed/Business
SYN-0200,https://example.com/synthetic-audio/SYN-0200.mp3,"வணக்கம், நாங்க ஒரு கருத்துக்கணிப்பு செய்கிறோம், சில கேள்விகள் கேட்கலாமா? கொஞ்சம் வேலை நடந்திருக்கு, ஆனா இன்னும் நிறைய செய்யணும். The road near the bus stop is a big problem, please fix it. Ration shop is fine but queue is very long. Gas cylinder price is too high for daily wage families. இப்போ இருக்குற ஆட்சியே போதும், மாற்றம் தேவையில்லை. அடுத்த முதல்வரா விஜய் வரணும்னு நினைக்கிறேன், புதுசா ஒருத்தர் வேணும். Thank you sir.",Done,80.0,Correctly Done,மேம்பாடு தேவை/ Needs improvement,"இல்லை, மாற்றம் தேவையில்லை/ No, don’t need a change",விஜய் (தமிழகம் வெற்றி கழகம்)/ Vijay (TVK),தமிழகம் வெற்றி கழகம்/ Tamilaga Vettri Kazhagam(TVK),Fisherman,41-60,பெண்/Female,கூலி தொழில்/ Daily Wage
SYN-0201,https://example.com/synthetic-audio/SYN-0201.mp3,"வணக்கம், நாங்க ஒரு கருத்துக்கணிப்பு செய்கிறோம், சில கேள்விகள் கேட்கலாமா? எம்.எல்.ஏ இங்க வந்ததே இல்லை, எந்த வேலையும் நடக்கல. இளைஞர்களுக்கு வேலை வாய்ப்பு இல்லை, அதுதான் முக்கிய கோரிக்கை. குடிநீர் வாரத்துக்கு இரண்டு நாள் தான் வருது, அது பெரிய பிரச்சனை. விலைவாசி ரொம்ப ஏறிப்போச்சு, காய்கறி வாங்கவே கஷ்டம். இப்போ இருக்குற ஆட்சியே போதும், மாற்றம் தேவையில்லை. அடுத்த முதல்வரா விஜய் வரணும்னு நினைக்கிறேன், புதுசா ஒருத்தர் வேணும். சரி, நன்றி அம்மா.",Done,80.0,Correctly Done,திருப்தியில்லை/ Not Satisfied,"இல்லை, மாற்றம் தேவையில்லை/ No, don’t need a change",விஜய் (தமிழகம் வெற்றி கழகம்)/ Vijay (TVK),தமிழகம் வெற்றி கழகம்/ Tamilaga Vettri Kazhagam(TVK),Vanniyar,60+,பெண்/Female,மற்றவை/ Others
SYN-0202,https://example.com/synthetic-audio/SYN-0202.mp3,"Hello sir, oru small survey, few questions mattum. MLA-va paathathe illa, no work happened here. Ration shop is fine but queue is very long. No change needed, current government is okay. AIADMK time was better for our area. சரி, நன்றி அம்மா.",Done,95.0,Correctly Done,திருப்தியில்லை/ Not Satisfied,"இல்லை, மாற்றம் தேவையில்லை/ No, don’t need a change",எடப்பாடி கே. பழனிசாமி (அதிமுக)/ Edappadi K. Palaniswami (AIADMK),அதிமுக கூட்டணி/ AIADMK Alliance,DONT SAY,31-40,ஆண்/Male,இல்லத்தரசி/ Housewife
SYN-0203,https://example.com/synthetic-audio/SYN-0203.mp3,"வணக்கம் அம்மா, இரண்டு நிமிஷம் பேசலாமா? இது ஒரு சர்வே. எம்.எல்.ஏ வேலை பரவாயில்லை, அடிக்கடி ஏரியாவுக்கு வருவார். Drainage overflow every monsoon, health issue for kids. ரோடு போட்டு இரண்டு வருஷம் ஆச்சு, மறுபடியும் பள்ளம் ஆயிடுச்சு. இப்போ இருக்குற ஆட்சியே போதும், மாற்றம் தேவையில்லை. யாரு வந்தாலும் ஒண்ணுதான், வேலை செய்யணும் அவ்வளவுதான். நன்றி.",Done,90.0,Correctly Done,திருப்தி/ Satisfied,"இல்லை, மாற்றம் தேவையில்லை/ No, don’t need a change",மற்றவர்கள்/ Others,மற்றவர்கள்/ Others,Vanniyar,41-60,ஆண்/Male,இல்லத்தரசி/ Housewife
SYN-0204,https://example.com/synthetic-audio/SYN-0204.mp3,"Hello sir, oru small survey, few questions mattum. எம்.எல்.ஏ இங்க வந்ததே இல்லை, எந்த வேலையும் நடக்கல. கழிவுநீர் கால்வாய் அடைச்சு கிடக்கு, கொசு தொல்லை அதிகம். எங்க தெரு சாலை ரொம்ப மோசம், மழை வந்தா நடக்கவே முடியாது. ஆமாம், இந்த தடவை மாற்றம் வேணும். I like Vijay, new face, youngsters support him. நன்றி, வணக்கம்.",Done,90.0,Correctly Done,திருப்தியில்லை/ Not Satisfied,"ஆம், மாற்றம் தேவை/ Yes, need a change",விஜய் (தமிழகம் வெற்றி கழகம்)/ Vijay (TVK),தமிழகம் வெற்றி கழகம்/ Tamilaga Vettri Kazhagam(TVK),DONT SAY,18-30,ஆண்/Male,கூலி தொழில்/ Daily Wage
SYN-0205,https://example.com/synthetic-audio/SYN-0205.mp3,"வணக்கம், நாங்க ஒரு கருத்துக்கணிப்பு செய்கிறோம், சில கேள்விகள் கேட்கலாமா? MLA work okay, he came during the rain time. Gas cylinder price is too high for daily wage families. ரோடு போட்டு இரண்டு வருஷம் ஆச்சு, மறுபடியும் பள்ளம் ஆயிடுச்சு. Water supply is irregular, we buy cans every day. Yes, change venum this time. Stalin is doing okay, schemes are useful for us. சரி, நன்றி அம்மா.",Pending,,No comment,திருப்தி/ Satisfied,"ஆம், மாற்றம் தேவை/ Yes, need a change",மு.க. ஸ்டாலின் (திமுக)/ M.K. Stalin (DMK),திமுக கூட்டணி/ DMK Alliance,DONT SAY,41-60,பெண்/Female,கூலி தொழில்/ Daily Wage
SYN-0206,https://example.com/synthetic-audio/SYN-0206.mp3,"வணக்கம், நாங்க ஒரு கருத்துக்கணிப்பு செய்கிறோம், சில கேள்விகள் கேட்கலாமா? எம்.எல்.ஏ வேலை பரவாயில்லை, அடிக்கடி ஏரியாவுக்கு வருவார். விலைவாசி ரொம்ப ஏறிப்போச்சு, காய்கறி வாங்கவே கஷ்டம். இளைஞர்களுக்கு வேலை வாய்ப்பு இல்லை, அதுதான் முக்கிய கோரிக்கை. மகளிர் உரிமைத் தொகை கிடைக்குது, அது உதவியா இருக்கு. No change needed, current government is okay. AIADMK time was better for our area. Thank you sir.",Pending,,No comment,திருப்தி/ Satisfied,"இல்லை, மாற்றம் தேவையில்லை/ No, don’t need a change",எடப்பாடி கே. பழனிசாமி (அதிமுக)/ Edappadi K. Palaniswami (AIADMK),அதிமுக கூட்டணி/ AIADMK Alliance,Fisherman,31-40,ஆண்/Male,இல்லத்தரசி/ Housewife
SYN-0207,https://example.com/synthetic-audio/SYN-0207.mp3,"Hello sir, oru small survey, few questions mattum. Some work done, but still lot of improvement needed. Ration shop is fine but queue is very long. விலைவாசி ரொம்ப ஏறிப்போச்சு, காய்கறி வாங்கவே கஷ்டம். Yes, change venum this time. Seeman speaks for Tamil people, I support NTK. Thank you sir.",Done,80.0,Correctly Done,மேம்பாடு தேவை/ Needs improvement,"ஆம், மாற்றம் தேவை/ Yes, need a change",சீமான் (நாம் தமிழர் கட்சி)/ Seeman (NTK),நாம் தமிழர் கட்சி/ Naam Tamilar Katch(NTK),SC,41-60,ஆண்/Male,பணியாளர்/ Employee
SYN-0208,https://example.com/synthetic-audio/SYN-0208.mp3,"வணக்கம், நாங்க ஒரு கருத்துக்கணிப்பு செய்கிறோம், சில கேள்விகள் கேட்கலாமா? எம்.எல்.ஏ வேலை பரவாயில்லை, அடிக்கடி ஏரியாவுக்கு வருவார். Primary health centre needs more staff and medicines. இப்போ இருக்குற ஆட்சியே போதும், மாற்றம் தேவையில்லை. அடுத்த முதல்வரா விஜய் வரணும்னு நினைக்கிறேன், புதுசா ஒருத்தர் வேணும். Thank you sir.",Pending,,No comment,திருப்தி/ Satisfied,"இல்லை, மாற்றம் தேவையில்லை/ No, don’t need a change",விஜய் (தமிழகம் வெற்றி கழகம்)/ Vijay (TVK),தமிழகம் வெற்றி கழகம்/ Tamilaga Vettri Kazhagam(TVK),Linguistic Minority,41-60,ஆண்/Male,மற்றவை/ Others
SYN-0209,https://example.com/synthetic-audio/SYN-0209.mp3,"Hello sir, oru small survey, few questions mattum. Some work done, but still lot of improvement needed. அரசு மருத்துவமனையில் டாக்டர் குறைவு, காத்திருக்கணும். மீன்பிடி துறைமுகம் சரியா பராமரிக்கப்படல, படகு நிறுத்த இடம் இல்லை. கழிவுநீர் கால்வாய் அடைச்சு கிடக்கு, கொசு தொல்லை அதிகம். Not decided yet, will see closer to election. Stalin is doing okay, schemes are useful for us. Thank you sir.",Done,95.0,Correctly Done,மேம்பாடு தேவை/ Needs improvement,உறுதி இல்லை/ Not sure,மு.க. ஸ்டாலின் (திமுக)/ M.K. Stalin (DMK),திமுக கூட்டணி/ DMK Alliance,Christian,31-40,ஆண்/Male,கூலி தொழில்/ Daily Wage
SYN-0210,https://example.com/synthetic-audio/SYN-0210.mp3,"வணக்கம் அம்மா, இரண்டு நிமிஷம் பேசலாமா? இது ஒரு சர்வே. எம்.எல்.ஏ இங்க வந்ததே இல்லை, எந்த வேலையும் நடக்கல. Fishermen need better harbour facilities and relief during ban period. ஆமாம், இந்த தடவை மாற்றம் வேணும். அடுத்த முதல்வரா விஜய் வரணும்னு நினைக்கிறேன், புதுசா ஒருத்தர் வேணும். Thank you sir.",Done,90.0,Correctly Done,திருப்தியில்லை/ Not Satisfied,"ஆம், மாற்றம் தேவை/ Yes, need a change",விஜய் (தமிழகம் வெற்றி கழகம்)/ Vijay (TVK),திமுக கூட்டணி/ DMK Alliance,SC,41-60,ஆண்/Male,சொந்த தொழில் / சுயதொழில் செய்பவர்/ Self Employed/Business
SYN-0211,https://example.com/synthetic-audio/SYN-0211.mp3,"வணக்கம் அம்மா, இரண்டு நிமிஷம் பேசலாமா? இது ஒரு சர்வே. எம்.எல்.ஏ இங்க வந்ததே இல்லை, எந்த வேலையும் நடக்கல. ரோடு போட்டு இரண்டு வருஷம் ஆச்சு, மறுபடியும் பள்ளம் ஆயிடுச்சு. ஆமாம், இந்த தடவை மாற்றம் வேணும். எடப்பாடி ஆட்சி காலத்துல நல்லா இருந்துச்சு. நன்றி.",Pending,,No comment,திருப்தியில்லை/ Not Satisfied,"ஆம், மாற்றம் தேவை/ Yes, need a change",எடப்பாடி கே. பழனிசாமி (அதிமுக)/ Edappadi K. Palaniswami (AIADMK),திமுக கூட்டணி/ DMK Alliance,Fisherman,31-40,ஆண்/Male,பணியாளர்/ Employee
SYN-0212,https://example.com/synthetic-audio/SYN-0212.mp3,"Hello sir, oru small survey, few questions mattum. எம்.எல்.ஏ வேலை பரவாயில்லை, அடிக்கடி ஏரியாவுக்கு வருவார். Youth need jobs, factories should come to this area. இப்போ இருக்குற ஆட்சியே போதும், மாற்றம் தேவையில்லை. Anyone is fine, they should just do the work. Thank you sir.",Pending,,No comment,திருப்தி/ Satisfied,"இல்லை, மாற்றம் தேவையில்லை/ No, don’t need a change",மற்றவர்கள்/ Others,மற்றவர்கள்/ Others,Vanniyar,31-40,ஆண்/Male,கூலி தொழில்/ Daily Wage
SYN-0213,https://example.com/synthetic-audio/SYN-0213.mp3,"வணக்கம், நாங்க ஒரு கருத்துக்கணிப்பு செய்கிறோம், சில கேள்விகள் கேட்கலாமா? Some work done, but still lot of improvement needed. அரசு மருத்துவமனையில் டாக்டர் குறைவு, காத்திருக்கணும். இளைஞர்களுக்கு வேலை வாய்ப்பு இல்லை, அதுதான் முக்கிய கோரிக்கை. Water supply is irregular, we buy cans every day. Yes, change venum this time. யாரு வந்தாலும் ஒண்ணுதான், வேலை செய்யணும் அவ்வளவுதான். Thank you sir.",Pending,,No comment,மேம்பாடு தேவை/ Needs improvement,"ஆம், மாற்றம் தேவை/ Yes, need a change",மற்றவர்கள்/ Others,மற்றவர்கள்/ Others,Linguistic Minority,18-30,ஆண்/Male,மற்றவை/ Others
SYN-0214,https://example.com/synthetic-audio/SYN-0214.mp3,"வணக்கம் அம்மா, இரண்டு நிமிஷம் பேசலாமா? இது ஒரு சர்வே. கொஞ்சம் வேலை நடந்திருக்கு, ஆனா இன்னும் நிறைய செய்யணும். Primary health centre needs more staff and medicines. No change needed, current government is okay. Stalin is doing okay, schemes are useful for us. நன்றி, வணக்கம்.",Pending,,No comment,மேம்பாடு தேவை/ Needs improvement,"இல்லை, மாற்றம் தேவையில்லை/ No, don’t need a change",மு.க. ஸ்டாலின் (திமுக)/ M.K. Stalin (DMK),திமுக கூட்டணி/ DMK Alliance,Fisherman,41-60,பெண்/Female,இல்லத்தரசி/ Housewife
SYN-0215,https://example.com/synthetic-audio/SYN-0215.mp3,"வணக்கம், நாங்க ஒரு கருத்துக்கணிப்பு செய்கிறோம், சில கேள்விகள் கேட்கலாமா? எம்.எல்.ஏ இங்க வந்ததே இல்லை, எந்த வேலையும் நடக்கல. கழிவுநீர் கால்வாய் அடைச்சு கிடக்கு, கொசு தொல்லை அதிகம். அரசு மருத்துவமனையில் டாக்டர் குறைவு, காத்திருக்கணும். ஆமாம், இந்த தடவை மாற்றம் வேணும். எடப்பாடி ஆட்சி காலத்துல நல்லா இருந்துச்சு. நன்றி.",Pending,,No comment,திருப்தியில்லை/ Not Satisfied,"ஆம், மாற்றம் தேவை/ Yes, need a change",எடப்பாடி கே. பழனிசாமி (அதிமுக)/ Edappadi K. Palaniswami (AIADMK),அதிமுக கூட்டணி/ AIADMK Alliance,Mudaliyar,31-40,பெண்/Female,சொந்த தொழில் / சுயதொழில் செய்பவர்/ Self Employed/Business
SYN-0216,https://example.com/synthetic-audio/SYN-0216.mp3,"வணக்கம், நாங்க ஒரு கருத்துக்கணிப்பு செய்கிறோம், சில கேள்விகள் கேட்கலாமா? Some work done, but still lot of improvement needed. மகளிர் உரிமைத் தொகை கிடைக்குது, அது உதவியா இருக்கு. விலைவாசி ரொம்ப ஏறிப்போச்சு, காய்கறி வாங்கவே கஷ்டம். Youth need jobs, factories should come to this area. No change needed, current government is okay. Seeman speaks for Tamil people, I support NTK. சரி, நன்றி அம்மா.",Pending,,No comment,மேம்பாடு தேவை/ Needs improvement,"இல்லை, மாற்றம் தேவையில்லை/ No, don’t need a change",சீமான் (நாம் தமிழர் கட்சி)/ Seeman (NTK),தமிழகம் வெற்றி கழகம்/ Tamilaga Vettri Kazhagam(TVK),SC,18-30,பெண்/Female,மற்றவை/ Others
SYN-0217,https://example.com/synthetic-audio/SYN-0217.mp3,"Hello sir, oru small survey, few questions mattum. Some work done, but still lot of improvement needed. எங்க தெரு சாலை ரொம்ப மோசம், மழை வந்தா நடக்கவே முடியாது. Yes, change venum this time. யாரு வந்தாலும் ஒண்ணுதான், வேலை செய்யணும் அவ்வளவுதான். Thank you sir.",Pending,,No comment,மேம்பாடு தேவை/ Needs improvement,"ஆம், மாற்றம் தேவை/ Yes, need a change",மற்றவர்கள்/ Others,மற்றவர்கள்/ Others,Vanniyar,18-30,ஆண்/Male,கூலி தொழில்/ Daily Wage
SYN-0218,https://example.com/synthetic-audio/SYN-0218.mp3,"Hello sir, oru small survey, few questions mattum. எம்.எல்.ஏ வேலை பரவாயில்லை, அடிக்கடி ஏரியாவுக்கு வருவார். Gas cylinder price is too high for daily wage families. மீன்பிடி துறைமுகம் சரியா பராமரிக்கப்படல, படகு நிறுத்த இடம் இல்லை. ஆமாம், இந்த தடவை மாற்றம் வேணும். ஸ்டாலின் தான் தொடரணும், திட்டங்கள் நல்லா இருக்கு. நன்றி, வணக்கம்.",Pending,,No comment,திருப்தி/ Satisfied,"ஆம், மாற்றம் தேவை/ Yes, need a change",மு.க. ஸ்டாலின் (திமுக)/ M.K. Stalin (DMK),திமுக கூட்டணி/ DMK Alliance,Fisherman,41-60,பெண்/Female,இல்லத்தரசி/ Housewife
SYN-0219,https://example.com/synthetic-audio/SYN-0219.mp3,"வணக்கம் அம்மா, இரண்டு நிமிஷம் பேசலாமா? இது ஒரு சர்வே. MLA work okay, he came during the rain time. அரசு மருத்துவமனையில் டாக்டர் குறைவு, காத்திருக்கணும். இப்போ இருக்குற ஆட்சியே போதும், மாற்றம் தேவையில்லை. I like Vijay, new face, youngsters support him. நன்றி, வணக்கம்.",Done,90.0,Correctly Done,திருப்தி/ Satisfied,"இல்லை, மாற்றம் தேவையில்லை/ No, don’t need a change",விஜய் (தமிழகம் வெற்றி கழகம்)/ Vijay (TVK),தமிழகம் வெற்றி கழகம்/ Tamilaga Vettri Kazhagam(TVK),SC,41-60,ஆண்/Male,மாணவர்/ Student
SYN-0220,https://example.com/synthetic-audio/SYN-0220.mp3,"வணக்கம், நாங்க ஒரு கருத்துக்கணிப்பு செய்கிறோம், சில கேள்விகள் கேட்கலாமா? MLA-va paathathe illa, no work happened here. விலைவாசி ரொம்ப ஏறிப்போச்சு, காய்கறி வாங்கவே கஷ்டம். மீன்பிடி துறைமுகம் சரியா பராமரிக்கப்படல, படகு நிறுத்த இடம் இல்லை. Yes, change venum this time. அடுத்த முதல்வரா விஜய் வரணும்னு நினைக்கிறேன், புதுசா ஒருத்தர் வேணும். நன்றி.",Pending,,No comment,திருப்தியில்லை/ Not Satisfied,"ஆம், மாற்றம் தேவை/ Yes, need a change",விஜய் (தமிழகம் வெற்றி கழகம்)/ Vijay (TVK),தமிழகம் வெற்றி கழகம்/ Tamilaga Vettri Kazhagam(TVK),Nadars,31-40,ஆண்/Male,சொந்த தொழில் / சுயதொழில் செய்பவர்/ Self Employed/Business
SYN-0221,https://example.com/synthetic-audio/SYN-0221.mp3,"வணக்கம், நாங்க ஒரு கருத்துக்கணிப்பு செய்கிறோம், சில கேள்விகள் கேட்கலாமா? MLA work okay, he came during the rain time. ரோடு போட்டு இரண்டு வருஷம் ஆச்சு, மறுபடியும் பள்ளம் ஆயிடுச்சு. மகளிர் உரிமைத் தொகை கிடைக்குது, அது உதவியா இருக்கு. Yes, change venum this time. AIADMK time was better for our area. சரி, நன்றி அம்மா.",Pending,,No comment,திருப்தி/ Satisfied,"ஆம், மாற்றம் தேவை/ Yes, need a change",எடப்பாடி கே. பழனிசாமி (அதிமுக)/ Edappadi K. Palaniswami (AIADMK),அதிமுக கூட்டணி/ AIADMK Alliance,SC,41-60,ஆண்/Male,இல்லத்தரசி/ Housewife
SYN-0222,https://example.com/synthetic-audio/SYN-0222.mp3,"வணக்கம், நாங்க ஒரு கருத்துக்கணிப்பு செய்கிறோம், சில கேள்விகள் கேட்கலாமா? கொஞ்சம் வேலை நடந்திருக்கு, ஆனா இன்னும் நிறைய செய்யணும். Fishermen need better harbour facilities and relief during ban period. Not decided yet, will see closer to election. ஸ்டாலின் தான் தொடரணும், திட்டங்கள் நல்லா இருக்கு. நன்றி, வணக்கம்.",Pending,,No comment,மேம்பாடு தேவை/ Needs improvement,உறுதி இல்லை/ Not sure,மு.க. ஸ்டாலின் (திமுக)/ M.K. Stalin (DMK),திமுக கூட்டணி/ DMK Alliance,SC,41-60,பெண்/Female,சொந்த தொழில் / சுயதொழில் செய்பவர்/ Self Employed/Business
SYN-0223,https://example.com/synthetic-audio/SYN-0223.mp3,"வணக்கம் அம்மா, இரண்டு நிமிஷம் பேசலாமா? இது ஒரு சர்வே. எம்.எல்.ஏ இங்க வந்ததே இல்லை, எந்த வேலையும் நடக்கல. மகளிர் உரிமைத் தொகை கிடைக்குது, அது உதவியா இருக்கு. குடிநீர் வாரத்துக்கு இரண்டு நாள் தான் வருது, அது பெரிய பிரச்சனை. Yes, change venum this time. Anyone is fine, they should just do the work. Thank you sir.",Pending,,No comment,திருப்தியில்லை/ Not Satisfied,"ஆம், மாற்றம் தேவை/ Yes, need a change",மற்றவர்கள்/ Others,மற்றவர்கள்/ Others,Linguistic Minority,41-60,ஆண்/Male,கூலி தொழில்/ Daily Wage
SYN-0224,https://example.com/synthetic-audio/SYN-0224.mp3,"வணக்கம் அம்மா, இரண்டு நிமிஷம் பேசலாமா? இது ஒரு சர்வே. Some work done, but still lot of improvement needed. Primary health centre needs more staff and medicines. Youth need jobs, factories should come to this area. விலைவாசி ரொம்ப ஏறிப்போச்சு, காய்கறி வாங்கவே கஷ்டம். No change needed, current government is okay. Seeman speaks for Tamil people, I support NTK. நன்றி, வணக்கம்.",Done,90.0,Correctly Done,மேம்பாடு தேவை/ Needs improvement,"இல்லை, மாற்றம் தேவையில்லை/ No, don’t need a change",சீமான் (நாம் தமிழர் கட்சி)/ Seeman (NTK),நாம் தமிழர் கட்சி/ Naam Tamilar Katch(NTK),Vanniyar,41-60,பெண்/Female,இல்லத்தரசி/ Housewife
SYN-0225,https://example.com/synthetic-audio/SYN-0225.mp3,"Hello sir, oru small survey, few questions mattum. MLA work okay, he came during the rain time. Primary health centre needs more staff and medicines. Yes, change venum this time. ஸ்டாலின் தான் தொடரணும், திட்டங்கள் நல்லா இருக்கு. Thank you sir.",Done,90.0,Correctly Done,திருப்தி/ Satisfied,"ஆம், மாற்றம் தேவை/ Yes, need a change",மு.க. ஸ்டாலின் (திமுக)/ M.K. Stalin (DMK),திமுக கூட்டணி/ DMK Alliance,Nadars,31-40,ஆண்/Male,மற்றவை/ Others
SYN-0226,https://example.com/synthetic-audio/SYN-0226.mp3,ஹலோ... ஹலோ...,Done,10.0,Fake Audio/Empty Audio,திருப்தியில்லை/ Not Satisfied,"இல்லை, மாற்றம் தேவையில்லை/ No, don’t need a change",மற்றவர்கள்/ Others,மற்றவர்கள்/ Others,SC,60+,ஆண்/Male,இல்லத்தரசி/ Housewife
SYN-0227,https://example.com/synthetic-audio/SYN-0227.mp3,"Hello sir, oru small survey, few questions mattum. எம்.எல்.ஏ வேலை பரவாயில்லை, அடிக்கடி ஏரியாவுக்கு வருவார். எங்க தெரு சாலை ரொம்ப மோசம், மழை வந்தா நடக்கவே முடியாது. No change needed, current government is okay. AIADMK time was better for our area. நன்றி, வணக்கம்.",Pending,,No comment,திருப்தி/ Satisfied,"இல்லை, மாற்றம் தேவையில்லை/ No, don’t need a change",எடப்பாடி கே. பழனிசாமி (அதிமுக)/ Edappadi K. Palaniswami (AIADMK),அதிமுக கூட்டணி/ AIADMK Alliance,Fisherman,31-40,ஆண்/Male,கூலி தொழில்/ Daily Wage
SYN-0228,https://example.com/synthetic-audio/SYN-0228.mp3,"Hello sir, oru small survey, few questions mattum. MLA-va paathathe illa, no work happened here. குடிநீர் வாரத்துக்கு இரண்டு நாள் தான் வருது, அது பெரிய பிரச்சனை. மீன்பிடி துறைமுகம் சரியா பராமரிக்கப்படல, படகு நிறுத்த இடம் இல்லை. No change needed, current government is okay. Anyone is fine, they should just do the work. நன்றி, வணக்கம்.",Done,100.0,Correctly Done,திருப்தியில்லை/ Not Satisfied,"இல்லை, மாற்றம் தேவையில்லை/ No, don’t need a change",மற்றவர்கள்/ Others,மற்றவர்கள்/ Others,Vanniyar,18-30,ஆண்/Male,மற்றவை/ Others
SYN-0229,https://example.com/synthetic-audio/SYN-0229.mp3,"Hello sir, oru small survey, few questions mattum. MLA work okay, he came during the rain time. The road near the bus stop is a big problem, please fix it. Water supply is irregular, we buy cans every day. Yes, change venum this time. AIADMK time was better for our area. நன்றி, வணக்கம்.",Pending,,No comment,திருப்தி/ Satisfied,"ஆம், மாற்றம் தேவை/ Yes, need a change",எடப்பாடி கே. பழனிசாமி (அதிமுக)/ Edappadi K. Palaniswami (AIADMK),அதிமுக கூட்டணி/ AIADMK Alliance,SC,18-30,ஆண்/Male,இல்லத்தரசி/ Housewife
SYN-0230,https://example.com/synthetic-audio/SYN-0230.mp3,"Hello sir, oru small survey, few questions mattum. Some work done, but still lot of improvement needed. Gas cylinder price is too high for daily wage families. Yes, change venum this time. சீமான் பேசுறது சரியா இருக்கு, தமிழ் உணர்வு முக்கியம். நன்றி, வணக்கம்.",Pending,,No comment,மேம்பாடு தேவை/ Needs improvement,"ஆம், மாற்றம் தேவை/ Yes, need a change",சீமான் (நாம் தமிழர் கட்சி)/ Seeman (NTK),நாம் தமிழர் கட்சி/ Naam Tamilar Katch(NTK),Vanniyar,60+,ஆண்/Male,மாணவர்/ Student
SYN-0231,https://example.com/synthetic-audio/SYN-0231.mp3,"வணக்கம் அம்மா, இரண்டு நிமிஷம் பேசலாமா? இது ஒரு சர்வே. Some work done, but still lot of improvement needed. குடிநீர் வாரத்துக்கு இரண்டு நாள் தான் வருது, அது பெரிய பிரச்சனை. Gas cylinder price is too high for daily wage families. The road near the bus stop is a big problem, please fix it. ஆமாம், இந்த தடவை மாற்றம் வேணும். I like Vijay, new face, youngsters support him. நன்றி.",Done,80.0,Correctly Done,மேம்பாடு தேவை/ Needs improvement,"ஆம், மாற்றம் தேவை/ Yes, need a change",விஜய் (தமிழகம் வெற்றி கழகம்)/ Vijay (TVK),தமிழகம் வெற்றி கழகம்/ Tamilaga Vettri Kazhagam(TVK),DONT SAY,18-30,ஆண்/Male,கூலி தொழில்/ Daily Wage
SYN-0232,https://example.com/synthetic-audio/SYN-0232.mp3,"வணக்கம் அம்மா, இரண்டு நிமிஷம் பேசலாமா? இது ஒரு சர்வே. MLA-va paathathe illa, no work happened here. கழிவுநீர் கால்வாய் அடைச்சு கிடக்கு, கொசு தொல்லை அதிகம். Water supply is irregular, we buy cans every day. Youth need jobs, factories should come to this area. Yes, change venum this time. Stalin is doing okay, schemes are useful for us. சரி, நன்றி அம்மா.",Pending,,No comment,திருப்தியில்லை/ Not Satisfied,"ஆம், மாற்றம் தேவை/ Yes, need a change",மு.க. ஸ்டாலின் (திமுக)/ M.K. Stalin (DMK),திமுக கூட்டணி/ DMK Alliance,SC,41-60,ஆண்/Male,இல்லத்தரசி/ Housewife
SYN-0233,https://example.com/synthetic-audio/SYN-0233.mp3,"வணக்கம், நாங்க ஒரு கருத்துக்கணிப்பு செய்கிறோம், சில கேள்விகள் கேட்கலாமா? MLA-va paathathe illa, no work happened here. விலைவாசி ரொம்ப ஏறிப்போச்சு, காய்கறி வாங்கவே கஷ்டம். குடிநீர் வாரத்துக்கு இரண்டு நாள் தான் வருது, அது பெரிய பிரச்சனை. No change needed, current government is okay. அடுத்த முதல்வரா விஜய் வரணும்னு நினைக்கிறேன், புதுசா ஒருத்தர் வேணும். சரி, நன்றி அம்மா.",Pending,,No comment,திருப்தியில்லை/ Not Satisfied,"இல்லை, மாற்றம் தேவையில்லை/ No, don’t need a change",விஜய் (தமிழகம் வெற்றி கழகம்)/ Vijay (TVK),தமிழகம் வெற்றி கழகம்/ Tamilaga Vettri Kazhagam(TVK),Muslim,41-60,பெண்/Female,சொந்த தொழில் / சுயதொழில் செய்பவர்/ Self Employed/Business
SYN-0234,https://example.com/synthetic-audio/SYN-0234.mp3,"Hello sir, oru small survey, few questions mattum. எம்.எல்.ஏ வேலை பரவாயில்லை, அடிக்கடி ஏரியாவுக்கு வருவார். Drainage overflow every monsoon, health issue for kids. மீன்பிடி துறைமுகம் சரியா பராமரிக்கப்படல, படகு நிறுத்த இடம் இல்லை. Gas cylinder price is too high for daily wage families. ஆமாம், இந்த தடவை மாற்றம் வேணும். அடுத்த முதல்வரா விஜய் வரணும்னு நினைக்கிறேன், புதுசா ஒருத்தர் வேணும். சரி, நன்றி அம்மா.",Done,90.0,Correctly Done,திருப்தி/ Satisfied,"ஆம், மாற்றம் தேவை/ Yes, need a change",விஜய் (தமிழகம் வெற்றி கழகம்)/ Vijay (TVK),தமிழகம் வெற்றி கழகம்/ Tamilaga Vettri Kazhagam(TVK),Fisherman,31-40,ஆண்/Male,கூலி தொழில்/ Daily Wage
SYN-0235,https://example.com/synthetic-audio/SYN-0235.mp3,"வணக்கம், நாங்க ஒரு கருத்துக்கணிப்பு செய்கிறோம், சில கேள்விகள் கேட்கலாமா? எம்.எல்.ஏ வேலை பரவாயில்லை, அடிக்கடி ஏரியாவுக்கு வருவார். விலைவாசி ரொம்ப ஏறிப்போச்சு, காய்கறி வாங்கவே கஷ்டம். Drainage overflow every monsoon, health issue for kids. Yes, change venum this time. AIADMK time was better for our area. நன்றி, வணக்கம்.",Done,90.0,Correctly Done,திருப்தி/ Satisfied,"ஆம், மாற்றம் தேவை/ Yes, need a change",எடப்பாடி கே. பழனிசாமி (அதிமுக)/ Edappadi K. Palaniswami (AIADMK),அதிமுக கூட்டணி/ AIADMK Alliance,Chettiyar,18-30,பெண்/Female,சொந்த தொழில் / சுயதொழில் செய்பவர்/ Self Employed/Business
SYN-0236,https://example.com/synthetic-audio/SYN-0236.mp3,"Hello sir, oru small survey, few questions mattum. எம்.எல்.ஏ வேலை பரவாயில்லை, அடிக்கடி ஏரியாவுக்கு வருவார். குடிநீர் வாரத்துக்கு இரண்டு நாள் தான் வருது, அது பெரிய பிரச்சனை. Primary health centre needs more staff and medicines. இப்போ இருக்குற ஆட்சியே போதும், மாற்றம் தேவையில்லை. I like Vijay, new face, youngsters support him. Thank you sir.",Pending,,No comment,திருப்தி/ Satisfied,"இல்லை, மாற்றம் தேவையில்லை/ No, don’t need a change",விஜய் (தமிழகம் வெற்றி கழகம்)/ Vijay (TVK),தமிழகம் வெற்றி கழகம்/ Tamilaga Vettri Kazhagam(TVK),SC,18-30,ஆண்/Male,இல்லத்தரசி/ Housewife
SYN-0237,https://example.com/synthetic-audio/SYN-0237.mp3,"வணக்கம் அம்மா, இரண்டு நிமிஷம் பேசலாமா? இது ஒரு சர்வே. MLA work okay, he came during the rain time. மீன்பிடி துறைமுகம் சரியா பராமரிக்கப்படல, படகு நிறுத்த இடம் இல்லை. Drainage overflow every monsoon, health issue for kids. குடிநீர் வாரத்துக்கு இரண்டு நாள் தான் வருது, அது பெரிய பிரச்சனை. இப்போ இருக்குற ஆட்சியே போதும், மாற்றம் தேவையில்லை. எடப்பாடி ஆட்சி காலத்துல நல்லா இருந்துச்சு. Thank you sir.",Done,80.0,Correctly Done,திருப்தி/ Satisfied,"இல்லை, மாற்றம் தேவையில்லை/ No, don’t need a change",எடப்பாடி கே. பழனிசாமி (அதிமுக)/ Edappadi K. Palaniswami (AIADMK),அதிமுக கூட்டணி/ AIADMK Alliance,Vanniyar,41-60,பெண்/Female,இல்லத்தரசி/ Housewife
SYN-0238,https://example.com/synthetic-audio/SYN-0238.mp3,"வணக்கம் அம்மா, இரண்டு நிமிஷம் பேசலாமா? இது ஒரு சர்வே. எம்.எல்.ஏ வேலை பரவாயில்லை, அடிக்கடி ஏரியாவுக்கு வருவார். அரசு மருத்துவமனையில் டாக்டர் குறைவு, காத்திருக்கணும். இலவச பஸ் பயணம் பெண்களுக்கு நல்ல திட்டம். Yes, change venum this time. சீமான் பேசுறது சரியா இருக்கு, தமிழ் உணர்வு முக்கியம். Thank you sir.",Pending,,No comment,திருப்தி/ Satisfied,"ஆம், மாற்றம் தேவை/ Yes, need a change",சீமான் (நாம் தமிழர் கட்சி)/ Seeman (NTK),நாம் தமிழர் கட்சி/ Naam Tamilar Katch(NTK),Linguistic Minority,31-40,ஆண்/Male,சொந்த தொழில் / சுயதொழில் செய்பவர்/ Self Employed/Business
SYN-0239,https://example.com/synthetic-audio/SYN-0239.mp3,"Hello sir, oru small survey, few questions mattum. எம்.எல்.ஏ வேலை பரவாயில்லை, அடிக்கடி ஏரியாவுக்கு வருவார். Fishermen need better harbour facilities and relief during ban period. Drainage overflow every monsoon, health issue for kids. No change needed, current government is okay. I like Vijay, new face, youngsters support him. நன்றி.",Done,95.0,Correctly Done,திருப்தி/ Satisfied,"இல்லை, மாற்றம் தேவையில்லை/ No, don’t need a change",விஜய் (தமிழகம் வெற்றி கழகம்)/ Vijay (TVK),தமிழகம் வெற்றி கழகம்/ Tamilaga Vettri Kazhagam(TVK),Vanniyar,18-30,ஆண்/Male,கூலி தொழில்/ Daily Wage
SYN-0240,https://example.com/synthetic-audio/SYN-0240.mp3,"Hello sir, oru small survey, few questions mattum. கொஞ்சம் வேலை நடந்திருக்கு, ஆனா இன்னும் நிறைய செய்யணும். எங்க தெரு சாலை ரொம்ப மோசம், மழை வந்தா நடக்கவே முடியாது. இப்போ இருக்குற ஆட்சியே போதும், மாற்றம் தேவையில்லை. ஸ்டாலின் தான் தொடரணும், திட்டங்கள் நல்லா இருக்கு. நன்றி, வணக்கம்.",Done,95.0,Correctly Done,மேம்பாடு தேவை/ Needs improvement,"இல்லை, மாற்றம் தேவையில்லை/ No, don’t need a change",மு.க. ஸ்டாலின் (திமுக)/ M.K. Stalin (DMK),திமுக கூட்டணி/ DMK Alliance,Linguistic Minority,41-60,ஆண்/Male,கூலி தொழில்/ Daily Wage
